repeat,fold,gfold,model,graph,k,pr_auc,roc_auc,mcc,brier,f1,precision,recall,threshold,n_test,n_pos_test,val_pr,epochs,fit_time_s
0,0,0,gat,G0,-,0.6034,0.815,0.4173,0.1545,0.521,0.4366,0.6458,0.55,294,48,0.7102,45,5.4
0,0,0,gat,G1-20,20,0.5982,0.8153,0.4692,0.1192,0.5567,0.551,0.5625,0.55,294,48,0.6916,56,55.7
0,0,0,gat,G4-20,20,0.5765,0.8059,0.369,0.1824,0.4833,0.4028,0.6042,0.65,294,48,0.681,54,54.1
0,1,1,gat,G0,-,0.5781,0.8384,0.4352,0.1457,0.5333,0.4912,0.5833,0.55,294,48,0.6461,51,5.1
0,1,1,gat,G1-20,20,0.5834,0.8207,0.3691,0.122,0.4821,0.4219,0.5625,0.4,294,48,0.6026,55,54.4
0,1,1,gat,G4-20,20,0.5825,0.8283,0.3639,0.1503,0.4793,0.3973,0.6042,0.5,294,48,0.645,58,57.1
0,2,2,gat,G0,-,0.6742,0.8595,0.3975,0.1269,0.4965,0.3723,0.7447,0.35,294,47,0.5706,51,5.2
0,2,2,gat,G1-20,20,0.5837,0.83,0.4343,0.1146,0.5321,0.4677,0.617,0.4,294,47,0.5712,62,61.4
0,2,2,gat,G4-20,20,0.6457,0.8414,0.4085,0.1117,0.5075,0.3908,0.7234,0.25,294,47,0.5769,70,69.1
0,3,3,gat,G0,-,0.6703,0.8424,0.4149,0.1284,0.5033,0.3654,0.8085,0.35,294,47,0.5106,45,4.5
0,3,3,gat,G1-20,20,0.6532,0.8423,0.4736,0.1027,0.56,0.4487,0.7447,0.35,294,47,0.5362,50,49.7
0,3,3,gat,G4-20,20,0.6653,0.84,0.457,0.1301,0.5505,0.4839,0.6383,0.55,294,47,0.5447,47,47.4
0,4,4,gat,G0,-,0.5915,0.784,0.4473,0.1522,0.54,0.5094,0.5745,0.65,294,47,0.7137,55,5.5
0,4,4,gat,G1-20,20,0.5437,0.7554,0.4074,0.1286,0.5,0.5111,0.4894,0.55,294,47,0.7032,58,58.1
0,4,4,gat,G4-20,20,0.5771,0.7765,0.4232,0.1603,0.52,0.4906,0.5532,0.65,294,47,0.7479,57,55.4
1,0,5,gat,G0,-,0.5768,0.7841,0.3767,0.1595,0.4857,0.3696,0.7083,0.45,294,48,0.5601,40,4.0
1,0,5,gat,G1-20,20,0.615,0.8326,0.459,0.107,0.5496,0.4337,0.75,0.3,294,48,0.5522,59,58.6
1,0,5,gat,G4-20,20,0.6496,0.831,0.43,0.1188,0.5255,0.4045,0.75,0.3,294,48,0.5524,61,60.2
1,1,6,gat,G0,-,0.6124,0.8559,0.4642,0.1267,0.5442,0.404,0.8333,0.3,294,48,0.5992,53,5.4
1,1,6,gat,G1-20,20,0.6087,0.856,0.4681,0.1066,0.5614,0.4848,0.6667,0.4,294,48,0.5813,60,59.7
1,1,6,gat,G4-20,20,0.6008,0.8528,0.4704,0.1203,0.562,0.4658,0.7083,0.45,294,48,0.5827,59,57.7
1,2,7,gat,G0,-,0.7446,0.8921,0.412,0.1193,0.491,0.3417,0.8723,0.3,294,47,0.6277,46,4.8
1,2,7,gat,G1-20,20,0.6919,0.8696,0.5437,0.0858,0.6186,0.6,0.6383,0.35,294,47,0.6124,86,85.1
1,2,7,gat,G4-20,20,0.7148,0.8909,0.4537,0.0884,0.5298,0.3846,0.8511,0.15,294,47,0.6086,81,79.7
1,3,8,gat,G0,-,0.5431,0.7807,0.3542,0.1494,0.4688,0.3704,0.6383,0.35,294,47,0.6271,71,7.1
1,3,8,gat,G1-20,20,0.5033,0.7684,0.3279,0.1299,0.4375,0.4286,0.4468,0.45,294,47,0.6525,64,62.4
1,3,8,gat,G4-20,20,0.5394,0.787,0.333,0.1418,0.4522,0.3824,0.5532,0.45,294,47,0.658,59,56.0
1,4,9,gat,G0,-,0.513,0.7739,0.3026,0.1364,0.4296,0.3295,0.617,0.35,294,47,0.5973,46,4.6
1,4,9,gat,G1-20,20,0.5436,0.7639,0.3707,0.1043,0.4742,0.46,0.4894,0.25,294,47,0.5698,66,65.0
1,4,9,gat,G4-20,20,0.4864,0.7662,0.3663,0.1512,0.4786,0.4,0.5957,0.5,294,47,0.5804,48,47.4
2,0,10,gat,G0,-,0.5886,0.8144,0.3921,0.1568,0.4965,0.3763,0.7292,0.45,294,48,0.6475,44,4.4
2,0,10,gat,G1-20,20,0.6471,0.8249,0.4692,0.1184,0.5567,0.551,0.5625,0.55,294,48,0.6578,67,66.1
2,0,10,gat,G4-20,20,0.6336,0.8293,0.3893,0.1525,0.4901,0.3592,0.7708,0.4,294,48,0.6612,52,51.2
2,1,11,gat,G0,-,0.58,0.7968,0.3401,0.1328,0.4512,0.319,0.7708,0.25,294,48,0.5817,48,4.8
2,1,11,gat,G1-20,20,0.5768,0.7999,0.3476,0.1199,0.4662,0.3647,0.6458,0.3,294,48,0.5704,51,50.0
2,1,11,gat,G4-20,20,0.5689,0.8001,0.3431,0.1305,0.4627,0.3605,0.6458,0.3,294,48,0.5687,54,54.4
2,2,12,gat,G0,-,0.672,0.8379,0.4736,0.14,0.56,0.4487,0.7447,0.5,294,47,0.6186,48,4.8
2,2,12,gat,G1-20,20,0.6305,0.8261,0.4383,0.1164,0.5303,0.4118,0.7447,0.35,294,47,0.6131,58,57.0
2,2,12,gat,G4-20,20,0.6285,0.8269,0.4684,0.1366,0.5556,0.443,0.7447,0.45,294,47,0.5986,53,52.2
2,3,13,gat,G0,-,0.6528,0.8462,0.4581,0.1488,0.5469,0.4321,0.7447,0.55,294,47,0.6863,58,5.7
2,3,13,gat,G1-20,20,0.6587,0.8452,0.5091,0.1188,0.5913,0.5,0.7234,0.5,294,47,0.7009,58,56.9
2,3,13,gat,G4-20,20,0.6563,0.8499,0.497,0.1356,0.5812,0.4857,0.7234,0.55,294,47,0.6991,55,53.6
2,4,14,gat,G0,-,0.6993,0.8796,0.5523,0.1185,0.6275,0.5818,0.6809,0.55,294,47,0.6677,50,5.0
2,4,14,gat,G1-20,20,0.6631,0.8521,0.528,0.1025,0.6071,0.5231,0.7234,0.4,294,47,0.6248,57,55.8
2,4,14,gat,G4-20,20,0.6601,0.8709,0.5169,0.1107,0.595,0.4865,0.766,0.4,294,47,0.6554,56,54.6
3,0,15,gat,G0,-,0.6272,0.8111,0.5298,0.1256,0.6111,0.55,0.6875,0.5,294,48,0.619,76,7.5
3,0,15,gat,G1-20,20,0.6604,0.8393,0.4388,0.0952,0.5378,0.4507,0.6667,0.25,294,48,0.5982,74,71.9
3,0,15,gat,G4-20,20,0.6688,0.831,0.4818,0.1045,0.5714,0.4789,0.7083,0.25,294,48,0.5841,74,71.9
3,1,16,gat,G0,-,0.728,0.8791,0.4685,0.1429,0.5479,0.4082,0.8333,0.45,294,48,0.6046,46,4.6
3,1,16,gat,G1-20,20,0.7131,0.8686,0.563,0.1114,0.6372,0.5538,0.75,0.5,294,48,0.5981,52,51.0
3,1,16,gat,G4-20,20,0.7253,0.8772,0.4998,0.1314,0.5802,0.4578,0.7917,0.5,294,48,0.5993,56,54.4
3,2,17,gat,G0,-,0.665,0.8353,0.4243,0.1182,0.5139,0.3814,0.7872,0.3,294,47,0.6072,50,4.8
3,2,17,gat,G1-20,20,0.6446,0.8337,0.4549,0.0969,0.5487,0.4697,0.6596,0.3,294,47,0.594,71,69.5
3,2,17,gat,G4-20,20,0.643,0.8288,0.4085,0.1073,0.5075,0.3908,0.7234,0.25,294,47,0.6096,56,55.0
3,3,18,gat,G0,-,0.5916,0.8009,0.3296,0.1286,0.4476,0.3333,0.6809,0.25,294,47,0.6504,69,7.0
3,3,18,gat,G1-20,20,0.5541,0.7952,0.4326,0.1237,0.531,0.4545,0.6383,0.4,294,47,0.6301,66,64.6
3,3,18,gat,G4-20,20,0.5808,0.8126,0.3414,0.1447,0.4516,0.3241,0.7447,0.3,294,47,0.583,52,51.1
3,4,19,gat,G0,-,0.444,0.7863,0.3656,0.1506,0.4769,0.3735,0.6596,0.4,294,47,0.5891,44,4.6
3,4,19,gat,G1-20,20,0.4588,0.7886,0.3244,0.1429,0.4462,0.3494,0.617,0.4,294,47,0.5589,51,50.0
3,4,19,gat,G4-20,20,0.4847,0.7897,0.3333,0.1527,0.449,0.33,0.7021,0.35,294,47,0.5772,49,48.1
4,0,20,gat,G0,-,0.6186,0.8793,0.4561,0.1117,0.5429,0.413,0.7917,0.3,294,48,0.6319,57,5.9
4,0,20,gat,G1-20,20,0.6106,0.8786,0.4917,0.1081,0.5785,0.4795,0.7292,0.4,294,48,0.6196,49,48.1
4,0,20,gat,G4-20,20,0.6182,0.8769,0.4999,0.1069,0.5778,0.4483,0.8125,0.3,294,48,0.6298,53,52.0
4,1,21,gat,G0,-,0.6826,0.8653,0.5494,0.12,0.6136,0.675,0.5625,0.7,294,48,0.728,52,5.3
4,1,21,gat,G1-20,20,0.6861,0.8642,0.548,0.0968,0.6024,0.7143,0.5208,0.6,294,48,0.733,61,59.8
4,1,21,gat,G4-20,20,0.6867,0.857,0.556,0.1355,0.6222,0.6667,0.5833,0.75,294,48,0.7213,57,57.4
4,2,22,gat,G0,-,0.5615,0.7987,0.3645,0.1425,0.4698,0.3431,0.7447,0.3,294,47,0.5518,51,5.0
4,2,22,gat,G1-20,20,0.5657,0.7996,0.4221,0.1079,0.5225,0.4531,0.617,0.35,294,47,0.5683,56,53.3
4,2,22,gat,G4-20,20,0.5875,0.8046,0.3921,0.1356,0.4898,0.36,0.766,0.3,294,47,0.5708,54,51.1
4,3,23,gat,G0,-,0.6182,0.7743,0.3748,0.1243,0.4818,0.3667,0.7021,0.25,294,47,0.592,77,7.6
4,3,23,gat,G1-20,20,0.5805,0.7889,0.4766,0.1074,0.566,0.5085,0.6383,0.25,294,47,0.5944,101,98.1
4,3,23,gat,G4-20,20,0.6454,0.7934,0.4006,0.1247,0.5039,0.4,0.6809,0.35,294,47,0.5771,55,54.0
4,4,24,gat,G0,-,0.6019,0.8495,0.4243,0.1327,0.5139,0.3814,0.7872,0.35,294,47,0.5399,51,5.2
4,4,24,gat,G1-20,20,0.5357,0.8275,0.4368,0.1152,0.5323,0.4286,0.7021,0.3,294,47,0.5171,62,61.0
4,4,24,gat,G4-20,20,0.566,0.8322,0.4117,0.1337,0.5034,0.37,0.7872,0.25,294,47,0.5272,64,63.2
