repeat,fold,gfold,model,pr_auc,roc_auc,p_at_10,p_at_20,n_test,n_pos_test,inner_pr,fit_time_s,mcc_raw,f1_raw,precision_raw,recall_raw,threshold_raw,brier_raw,mcc_platt,f1_platt,precision_platt,recall_platt,threshold_platt,brier_platt,mcc_iso,f1_iso,precision_iso,recall_iso,threshold_iso,brier_iso
0,0,0,rf,0.5271,0.7926,0.5862,0.4655,294,48,0.5478,297.6,0.2456,0.3867,0.2632,0.7292,0.25,0.1207,0.2738,0.396,0.2597,0.8333,0.1,0.107,0.275,0.407,0.2823,0.7292,0.15,0.108
0,0,0,xgb,0.5675,0.8114,0.5862,0.4828,294,48,0.6045,98.2,0.4075,0.507,0.383,0.75,0.2,0.1061,0.3546,0.4625,0.3304,0.7708,0.1,0.1026,0.3989,0.5,0.375,0.75,0.15,0.1043
0,1,1,rf,0.5126,0.8001,0.5862,0.3966,294,48,0.5387,375.3,0.3503,0.4688,0.375,0.625,0.35,0.1305,0.3588,0.4741,0.3678,0.6667,0.15,0.1111,0.355,0.4724,0.3797,0.625,0.15,0.1129
0,1,1,xgb,0.6084,0.8373,0.6552,0.4655,294,48,0.6156,60.3,0.4173,0.5197,0.4177,0.6875,0.4,0.1252,0.4016,0.5079,0.4103,0.6667,0.2,0.1005,0.4016,0.5079,0.4103,0.6667,0.15,0.1014
0,2,2,rf,0.599,0.8545,0.6552,0.5172,294,47,0.5358,376.6,0.4313,0.517,0.38,0.8085,0.2,0.0998,0.2894,0.3944,0.253,0.8936,0.1,0.0991,0.4313,0.517,0.38,0.8085,0.1,0.0967
0,2,2,xgb,0.606,0.8511,0.6897,0.5,294,47,0.5774,74.6,0.4117,0.5034,0.37,0.7872,0.15,0.1019,0.3878,0.481,0.3423,0.8085,0.1,0.096,0.3862,0.4892,0.3696,0.7234,0.1,0.0966
0,3,3,rf,0.6718,0.8223,0.7586,0.5,294,47,0.5269,219.2,0.4647,0.5481,0.4205,0.7872,0.3,0.1054,0.4695,0.5522,0.4253,0.7872,0.15,0.0946,0.4741,0.562,0.4595,0.7234,0.15,0.09
0,3,3,xgb,0.6682,0.8439,0.7241,0.5345,294,47,0.5863,49.1,0.479,0.5645,0.4545,0.7447,0.25,0.09,0.479,0.5645,0.4545,0.7447,0.15,0.0885,0.4373,0.5248,0.3936,0.7872,0.15,0.0881
0,4,4,rf,0.5141,0.7992,0.5862,0.4828,294,47,0.5391,210.4,0.3725,0.4762,0.35,0.7447,0.3,0.1184,0.3685,0.473,0.3465,0.7447,0.15,0.1028,0.3645,0.4698,0.3431,0.7447,0.15,0.1041
0,4,4,xgb,0.5744,0.7992,0.6552,0.5,294,47,0.6152,26.6,0.3921,0.4898,0.36,0.766,0.25,0.1052,0.3921,0.4898,0.36,0.766,0.15,0.0979,0.4336,0.5263,0.407,0.7447,0.15,0.1
1,0,5,rf,0.4935,0.7807,0.5172,0.4828,294,48,0.5541,401.1,0.3212,0.439,0.3103,0.75,0.25,0.1188,0.2544,0.3895,0.2606,0.7708,0.1,0.1108,0.3107,0.4311,0.3025,0.75,0.1,0.1103
1,0,5,xgb,0.5576,0.7912,0.6552,0.4655,294,48,0.6148,29.5,0.37,0.4768,0.3495,0.75,0.4,0.1384,0.3468,0.4586,0.3303,0.75,0.15,0.1025,0.2457,0.3819,0.2517,0.7917,0.1,0.1039
1,1,6,rf,0.5668,0.855,0.6207,0.5,294,48,0.5353,169.7,0.4205,0.4971,0.344,0.8958,0.2,0.1051,0.4501,0.529,0.3832,0.8542,0.15,0.1014,0.4362,0.5235,0.3861,0.8125,0.15,0.1035
1,1,6,xgb,0.6117,0.8618,0.7586,0.5172,294,48,0.6009,51.2,0.4865,0.5634,0.4255,0.8333,0.35,0.1099,0.4642,0.5442,0.404,0.8333,0.15,0.0906,0.4196,0.5,0.35,0.875,0.1,0.0967
1,2,7,rf,0.6451,0.8714,0.6897,0.5517,294,47,0.5148,207.1,0.4242,0.5185,0.3977,0.7447,0.3,0.1071,0.4474,0.5397,0.4304,0.7234,0.15,0.0958,0.4383,0.5303,0.4118,0.7447,0.15,0.0919
1,2,7,xgb,0.7229,0.8828,0.7586,0.5517,294,47,0.601,70.3,0.4996,0.5781,0.4568,0.7872,0.25,0.0865,0.4996,0.5781,0.4568,0.7872,0.15,0.0833,0.4572,0.539,0.4043,0.8085,0.15,0.0803
1,3,8,rf,0.4827,0.7612,0.6207,0.3966,294,47,0.5461,534.5,0.3029,0.4258,0.3056,0.7021,0.25,0.1182,0.3413,0.4552,0.3367,0.7021,0.15,0.1088,0.3005,0.4224,0.2982,0.7234,0.1,0.1098
1,3,8,xgb,0.572,0.7865,0.6897,0.4655,294,47,0.6442,47.8,0.3261,0.446,0.337,0.6596,0.4,0.1385,0.3244,0.4462,0.3494,0.617,0.2,0.1027,0.3217,0.44,0.3204,0.7021,0.15,0.1017
1,4,9,rf,0.5537,0.7865,0.5862,0.4655,294,47,0.5545,449.2,0.334,0.4459,0.3182,0.7447,0.15,0.107,0.3705,0.4783,0.3626,0.7021,0.15,0.1034,0.2747,0.3978,0.2662,0.7872,0.1,0.1007
1,4,9,xgb,0.6251,0.8225,0.6897,0.4828,294,47,0.6278,33.2,0.4056,0.5079,0.4051,0.6809,0.3,0.1006,0.4268,0.5263,0.4478,0.6383,0.2,0.0938,0.4268,0.5263,0.4478,0.6383,0.2,0.0918
2,0,10,rf,0.534,0.8137,0.5862,0.4828,294,48,0.517,233.1,0.4132,0.5152,0.4048,0.7083,0.35,0.125,0.4185,0.5139,0.3854,0.7708,0.15,0.1057,0.3945,0.5,0.3864,0.7083,0.2,0.1055
2,0,10,xgb,0.6292,0.8346,0.7241,0.5,294,48,0.6147,42.6,0.4173,0.5197,0.4177,0.6875,0.25,0.0964,0.4123,0.5156,0.4125,0.6875,0.15,0.094,0.4224,0.5238,0.4231,0.6875,0.2,0.0951
2,1,11,rf,0.5046,0.8123,0.5172,0.4828,294,48,0.556,329.3,0.3655,0.4783,0.3667,0.6875,0.2,0.1097,0.3661,0.4806,0.3827,0.6458,0.15,0.1102,0.3976,0.5038,0.3976,0.6875,0.15,0.1074
2,1,11,xgb,0.5513,0.8098,0.5862,0.4828,294,48,0.6332,37.6,0.3991,0.5037,0.3908,0.7083,0.15,0.1037,0.3908,0.5,0.4079,0.6458,0.15,0.1045,0.3929,0.5,0.3929,0.6875,0.15,0.1052
2,2,12,rf,0.6036,0.8016,0.6897,0.5,294,47,0.5247,170.9,0.365,0.4722,0.3505,0.7234,0.35,0.1277,0.3489,0.4595,0.3366,0.7234,0.15,0.0999,0.3529,0.4626,0.34,0.7234,0.15,0.0987
2,2,12,xgb,0.6759,0.8134,0.7931,0.5172,294,47,0.5476,67.2,0.4068,0.5077,0.3976,0.7021,0.45,0.1318,0.3799,0.4774,0.3426,0.7872,0.15,0.092,0.3905,0.4928,0.3736,0.7234,0.15,0.0887
2,3,13,rf,0.4821,0.7643,0.5172,0.3966,294,47,0.5554,235.4,0.3076,0.4277,0.3036,0.7234,0.25,0.121,0.3148,0.4331,0.3091,0.7234,0.15,0.111,0.2903,0.4088,0.2761,0.7872,0.1,0.1147
2,3,13,xgb,0.5183,0.7641,0.6552,0.431,294,47,0.6235,44.6,0.3229,0.4444,0.3409,0.6383,0.4,0.1379,0.2957,0.4204,0.3,0.7021,0.15,0.1072,0.3296,0.4476,0.3333,0.6809,0.15,0.1095
2,4,14,rf,0.6442,0.8577,0.6552,0.5345,294,47,0.526,147.3,0.4508,0.5362,0.4066,0.7872,0.35,0.1186,0.4373,0.5248,0.3936,0.7872,0.15,0.094,0.3861,0.4734,0.3279,0.8511,0.1,0.0899
2,4,14,xgb,0.6869,0.8671,0.7241,0.5862,294,47,0.5756,47.3,0.5531,0.6261,0.5294,0.766,0.2,0.0843,0.5661,0.6372,0.5455,0.766,0.15,0.0865,0.5468,0.6207,0.5217,0.766,0.1,0.0847
3,0,15,rf,0.5768,0.8126,0.6207,0.5172,294,48,0.5369,142.1,0.3888,0.4872,0.3519,0.7917,0.25,0.1112,0.2945,0.4103,0.2721,0.8333,0.1,0.1041,0.3811,0.481,0.3455,0.7917,0.15,0.1023
3,0,15,xgb,0.6649,0.8432,0.7241,0.569,294,48,0.5879,57.0,0.3925,0.4875,0.3482,0.8125,0.35,0.1222,0.4046,0.5,0.3654,0.7917,0.15,0.0933,0.3427,0.4483,0.3095,0.8125,0.1,0.0921
3,1,16,rf,0.6128,0.8374,0.6552,0.5172,294,48,0.5011,213.6,0.3975,0.4966,0.3663,0.7708,0.3,0.116,0.2905,0.4019,0.2609,0.875,0.1,0.097,0.2951,0.4019,0.259,0.8958,0.1,0.0966
3,1,16,xgb,0.6848,0.8665,0.8276,0.569,294,48,0.5747,57.7,0.4534,0.5379,0.4021,0.8125,0.25,0.0934,0.4654,0.5507,0.4222,0.7917,0.15,0.0861,0.4019,0.4855,0.336,0.875,0.1,0.0862
3,2,17,rf,0.5621,0.7924,0.5862,0.4828,294,47,0.534,212.9,0.3413,0.4552,0.3367,0.7021,0.25,0.1094,0.352,0.4662,0.3605,0.6596,0.15,0.1025,0.4047,0.5082,0.4133,0.6596,0.2,0.1056
3,2,17,xgb,0.6038,0.8114,0.7241,0.5,294,47,0.6046,34.5,0.4221,0.5225,0.4531,0.617,0.2,0.0964,0.4221,0.5225,0.4531,0.617,0.15,0.0962,0.4044,0.5085,0.4225,0.6383,0.15,0.0964
3,3,18,rf,0.4824,0.7862,0.5862,0.4138,294,47,0.5538,260.5,0.3107,0.426,0.2951,0.766,0.2,0.1115,0.3216,0.4414,0.3265,0.6809,0.15,0.1091,0.3055,0.4019,0.2575,0.9149,0.1,0.1074
3,3,18,xgb,0.565,0.8066,0.6207,0.4655,294,47,0.5908,59.9,0.3767,0.472,0.3333,0.8085,0.45,0.1662,0.3623,0.4606,0.322,0.8085,0.15,0.102,0.3308,0.4271,0.2828,0.8723,0.1,0.0998
