repeat,fold,model,graph,k,pr_auc,roc_auc,mcc,brier,f1,precision,recall,threshold,p_at_10,p_at_20,n_test,n_pos_test,n_pred_pos,val_pr_mean,epochs_mean,fit_time_s
0,0,rf,-,-,0.4847,0.7752,0.3468,0.1125,0.4605,0.3365,0.7292,0.2,0.5517,0.4483,294,48,104,0.5662,-,4.3
0,0,xgb,-,-,0.5408,0.8029,0.4491,0.1101,0.5455,0.4521,0.6875,0.2,0.6207,0.4828,294,48,73,0.6121,-,1.5
0,0,gat,G0,-,0.5886,0.8034,0.4517,0.1526,0.5472,0.5,0.6042,0.6,0.6552,0.5,294,48,58,0.6868,44.0,4.5
0,0,gat,G1,10,0.5661,0.8079,0.3924,0.128,0.4894,0.5,0.4792,0.6,0.5862,0.4828,294,48,46,0.7189,61.7,6.6
0,0,gat,G2,10,0.5774,0.8188,0.3634,0.1556,0.4786,0.4058,0.5833,0.55,0.6207,0.4655,294,48,69,0.6967,46.7,6.7
0,0,gat,G3,10,0.5282,0.7973,0.33,0.1418,0.4505,0.3968,0.5208,0.5,0.5862,0.431,294,48,63,0.7059,72.0,9.5
0,0,gat,G4,10,0.56,0.8008,0.4124,0.1363,0.5102,0.5,0.5208,0.6,0.5862,0.4655,294,48,50,0.7159,56.3,7.2
0,0,gat,G4u,10,0.5629,0.8129,0.3867,0.138,0.4954,0.4426,0.5625,0.55,0.5517,0.4655,294,48,61,0.71,68.3,8.5
0,0,gat,G1,20,0.574,0.8061,0.4001,0.1266,0.4946,0.5111,0.4792,0.6,0.5517,0.4828,294,48,45,0.7269,66.7,12.1
0,0,gat,G2,20,0.5782,0.8076,0.4078,0.1496,0.5133,0.4462,0.6042,0.55,0.6207,0.4655,294,48,65,0.6985,47.7,10.4
0,0,gat,G3,20,0.5346,0.7951,0.3879,0.1416,0.4898,0.48,0.5,0.6,0.5862,0.4483,294,48,50,0.713,72.3,28.9
0,0,gat,G4,20,0.5897,0.803,0.3851,0.1573,0.4957,0.4203,0.6042,0.55,0.6552,0.4828,294,48,69,0.706,48.0,141.7
0,0,gat,G4u,20,0.5917,0.8143,0.4078,0.1442,0.5133,0.4462,0.6042,0.55,0.6552,0.4655,294,48,65,0.705,50.0,152.2
0,1,rf,-,-,0.51,0.7669,0.3048,0.1133,0.4333,0.3611,0.5417,0.25,0.5172,0.431,294,48,72,0.5813,-,4.5
0,1,xgb,-,-,0.6136,0.8258,0.4118,0.1041,0.5167,0.4306,0.6458,0.2,0.6552,0.5,294,48,72,0.5713,-,1.7
0,1,gat,G0,-,0.6185,0.8575,0.436,0.132,0.5357,0.4688,0.625,0.5,0.6552,0.5,294,48,64,0.6027,51.7,15.9
0,1,gat,G1,10,0.638,0.8615,0.3973,0.1263,0.5045,0.4444,0.5833,0.5,0.6897,0.4828,294,48,63,0.6119,59.3,97.8
0,1,gat,G2,10,0.6113,0.8497,0.4016,0.1361,0.5079,0.4103,0.6667,0.45,0.6552,0.5345,294,48,78,0.6096,49.3,83.3
0,1,gat,G3,10,0.5967,0.8487,0.4517,0.1277,0.5472,0.5,0.6042,0.55,0.6207,0.5,294,48,58,0.602,48.0,79.9
0,1,gat,G4,10,0.6245,0.8508,0.4197,0.1179,0.5225,0.4603,0.6042,0.45,0.6552,0.4828,294,48,63,0.6085,56.3,92.1
0,1,gat,G4u,10,0.6228,0.8449,0.4352,0.1216,0.5333,0.4912,0.5833,0.5,0.6897,0.4828,294,48,57,0.6099,66.3,110.2
0,1,gat,G1,20,0.609,0.849,0.443,0.129,0.5319,0.5435,0.5208,0.6,0.6207,0.4655,294,48,46,0.6146,50.7,150.1
0,1,gat,G2,20,0.6058,0.8358,0.4401,0.155,0.5391,0.4627,0.6458,0.6,0.7241,0.4828,294,48,67,0.633,46.7,141.9
0,1,gat,G3,20,0.6188,0.8515,0.445,0.1233,0.5421,0.4915,0.6042,0.5,0.6552,0.4828,294,48,59,0.6365,50.7,147.8
0,1,gat,G4,20,0.6073,0.847,0.4182,0.1207,0.5217,0.4478,0.625,0.45,0.5862,0.4655,294,48,67,0.6347,52.3,154.8
0,1,gat,G4u,20,0.6159,0.8554,0.4033,0.1327,0.5091,0.4516,0.5833,0.55,0.6207,0.4655,294,48,62,0.6258,56.7,172.2
0,2,rf,-,-,0.6,0.8605,0.3863,0.0982,0.4624,0.3094,0.9149,0.15,0.6207,0.5345,294,47,139,0.4929,-,4.9
0,2,xgb,-,-,0.6442,0.8567,0.4074,0.0915,0.4908,0.3448,0.8511,0.1,0.6897,0.5,294,47,116,0.5482,-,1.9
0,2,gat,G0,-,0.6603,0.8556,0.4632,0.1187,0.5512,0.4375,0.7447,0.4,0.7241,0.5172,294,47,80,0.5706,65.3,19.9
0,2,gat,G1,10,0.6398,0.855,0.4242,0.1047,0.5185,0.3977,0.7447,0.3,0.6897,0.5172,294,47,88,0.5593,61.3,100.3
0,2,gat,G2,10,0.595,0.8394,0.4003,0.1625,0.4966,0.3673,0.766,0.5,0.6207,0.5345,294,47,98,0.5588,42.0,71.3
0,2,gat,G3,10,0.6708,0.8564,0.407,0.1124,0.4967,0.3585,0.8085,0.25,0.7586,0.5172,294,47,106,0.5686,78.3,129.9
0,2,gat,G4,10,0.6573,0.8547,0.3928,0.1123,0.4962,0.3837,0.7021,0.3,0.7241,0.5345,294,47,86,0.5873,71.3,117.0
0,2,gat,G4u,10,0.659,0.8588,0.4899,0.1277,0.5672,0.4368,0.8085,0.45,0.7241,0.5517,294,47,87,0.5466,56.3,94.5
0,2,gat,G1,20,0.6633,0.8691,0.4474,0.1019,0.5397,0.4304,0.7234,0.35,0.6897,0.5345,294,47,79,0.5607,64.7,191.7
0,2,gat,G2,20,0.5998,0.8415,0.3915,0.1692,0.4868,0.3524,0.7872,0.5,0.6897,0.5517,294,47,105,0.5755,41.0,124.4
0,2,gat,G3,20,0.6464,0.8544,0.4157,0.1065,0.5161,0.4156,0.6809,0.35,0.7241,0.5345,294,47,77,0.5827,80.3,233.6
0,2,gat,G4,20,0.6684,0.8585,0.4003,0.1131,0.4966,0.3673,0.766,0.25,0.7586,0.5172,294,47,98,0.5804,75.0,222.1
0,2,gat,G4u,20,0.6577,0.8533,0.4948,0.1293,0.5714,0.4419,0.8085,0.45,0.7586,0.5345,294,47,86,0.544,51.7,155.5
0,3,rf,-,-,0.6448,0.8213,0.3673,0.1078,0.4615,0.3197,0.8298,0.25,0.6552,0.5345,294,47,122,0.4019,-,5.3
0,3,xgb,-,-,0.6398,0.8529,0.3604,0.0907,0.4561,0.3145,0.8298,0.05,0.6552,0.5862,294,47,124,0.4423,-,1.7
0,3,gat,G0,-,0.6846,0.8598,0.497,0.1217,0.5812,0.4857,0.7234,0.5,0.8621,0.5517,294,47,70,0.5271,45.3,13.8
0,3,gat,G1,10,0.6483,0.8506,0.5112,0.1201,0.5902,0.48,0.766,0.45,0.7931,0.5,294,47,75,0.5182,51.0,83.0
0,3,gat,G2,10,0.6959,0.8583,0.3806,0.1172,0.4828,0.3571,0.7447,0.35,0.8276,0.5345,294,47,98,0.5291,49.7,83.6
0,3,gat,G3,10,0.6681,0.8482,0.4638,0.119,0.5546,0.4583,0.7021,0.45,0.7931,0.5172,294,47,72,0.5484,47.7,78.0
0,3,gat,G4,10,0.6607,0.8494,0.4368,0.1241,0.5323,0.4286,0.7021,0.45,0.7931,0.5172,294,47,77,0.5157,50.7,81.4
0,3,gat,G4u,10,0.6506,0.85,0.4535,0.1249,0.547,0.4571,0.6809,0.5,0.7931,0.5172,294,47,70,0.5132,50.3,84.7
0,3,gat,G1,20,0.6598,0.8548,0.4572,0.1163,0.539,0.4043,0.8085,0.35,0.7586,0.5,294,47,94,0.5335,49.0,145.4
0,3,gat,G2,20,0.6875,0.8574,0.4998,0.1155,0.5849,0.5254,0.6596,0.5,0.7931,0.5345,294,47,59,0.5303,49.7,149.4
0,3,gat,G3,20,0.6634,0.8478,0.4632,0.1271,0.5512,0.4375,0.7447,0.45,0.7586,0.5345,294,47,80,0.5369,47.0,137.5
0,3,gat,G4,20,0.6705,0.8581,0.4031,0.1255,0.4935,0.3551,0.8085,0.35,0.8276,0.5345,294,47,107,0.5345,47.0,139.4
0,3,gat,G4u,20,0.652,0.8507,0.479,0.1224,0.5645,0.4545,0.7447,0.45,0.7586,0.5172,294,47,77,0.524,48.0,145.5
0,4,rf,-,-,0.5468,0.8018,0.4039,0.1201,0.5037,0.3864,0.7234,0.35,0.6207,0.5172,294,47,88,0.64,-,6.0
0,4,xgb,-,-,0.5837,0.8022,0.4106,0.1018,0.512,0.4103,0.6809,0.2,0.6552,0.5,294,47,78,0.677,-,1.7
0,4,gat,G0,-,0.568,0.7714,0.4232,0.1379,0.52,0.4906,0.5532,0.55,0.6552,0.4483,294,47,53,0.7192,65.7,20.0
0,4,gat,G1,10,0.5485,0.7669,0.3894,0.1325,0.4835,0.5,0.4681,0.6,0.6552,0.431,294,47,44,0.6889,64.3,104.8
0,4,gat,G2,10,0.5817,0.7895,0.377,0.1469,0.487,0.4118,0.5957,0.5,0.6897,0.4138,294,47,68,0.7128,61.3,102.7
0,4,gat,G3,10,0.5769,0.7771,0.4177,0.1327,0.5185,0.459,0.5957,0.45,0.6897,0.4655,294,47,61,0.7197,72.7,119.1
0,4,gat,G4,10,0.5824,0.7801,0.4374,0.1337,0.5306,0.5098,0.5532,0.6,0.6207,0.4828,294,47,51,0.7168,66.0,107.4
0,4,gat,G4u,10,0.5701,0.7773,0.4473,0.146,0.54,0.5094,0.5745,0.65,0.6207,0.4655,294,47,53,0.727,58.3,97.7
0,4,gat,G1,20,0.5528,0.7617,0.3602,0.1286,0.4545,0.4878,0.4255,0.6,0.6552,0.431,294,47,41,0.702,63.0,185.1
0,4,gat,G2,20,0.5731,0.7913,0.4115,0.1442,0.5138,0.4516,0.5957,0.55,0.7241,0.4483,294,47,62,0.7179,57.3,171.3
0,4,gat,G3,20,0.5784,0.7856,0.4302,0.1362,0.5253,0.5,0.5532,0.6,0.6552,0.4655,294,47,52,0.7223,62.7,181.3
0,4,gat,G4,20,0.5682,0.7689,0.4201,0.1447,0.5155,0.5,0.5319,0.65,0.6552,0.4828,294,47,50,0.7322,62.3,183.3
0,4,gat,G4u,20,0.5871,0.7878,0.3894,0.1343,0.4835,0.5,0.4681,0.65,0.6552,0.4828,294,47,44,0.7241,60.7,182.2
