model,graph,k,pr_auc,roc_auc,mcc,brier
gat,G0,-,0.624,0.8295,0.4542,0.1326
gat,G1,10,0.6081,0.8284,0.4229,0.1223
gat,G1,20,0.6118,0.8281,0.4216,0.1205
gat,G2,10,0.6123,0.8311,0.3846,0.1437
gat,G2,20,0.6089,0.8267,0.4301,0.1467
gat,G3,10,0.6081,0.8255,0.414,0.1267
gat,G3,20,0.6083,0.8269,0.4284,0.1269
gat,G4,10,0.617,0.8272,0.4198,0.1249
gat,G4,20,0.6208,0.8271,0.4054,0.1323
gat,G4u,10,0.6131,0.8288,0.4425,0.1316
gat,G4u,20,0.6209,0.8323,0.4349,0.1326
rf,-,-,0.5573,0.8051,0.3618,0.1104
xgb,-,-,0.6044,0.8281,0.4079,0.0996
