P1,P0,background,lift,frac_pos_no_pos_nbr,edge_homophily,knn_pr_auc,knn_roc_auc,mean_degree,n_isolated,pool_n,pool_pos,repeat,fold,graph,k
0.4603174603174603,0.23546099290780145,0.16,2.876984126984127,0.12698412698412698,0.7156462585034014,0.3504505387334025,0.7086730673356813,5.0,0,1176,189,0,0,G1,5
0.25925925925925924,0.27396149949341436,0.16,1.6203703703703702,0.21693121693121692,0.6510204081632653,0.1552269920283849,0.4809641744798786,5.0,0,1176,189,0,0,G4,5
0.4116402116402117,0.17565922920892493,0.16,2.5727513227513232,0.21164021164021163,0.7587561934050914,0.36143345848437597,0.7199600092203942,4.9770408163265305,1,1176,189,0,0,G3,5
0.42857142857142855,0.22279635258358663,0.16,2.6785714285714284,0.0582010582010582,0.7211734693877551,0.3997507973576347,0.728328053049431,10.0,0,1176,189,0,0,G1,10
0.26031746031746034,0.25501519756838903,0.16,1.626984126984127,0.05291005291005291,0.6670918367346939,0.16509539265457238,0.5115415748647765,10.0,0,1176,189,0,0,G4,10
0.3664021164021164,0.17175456389452334,0.16,2.2900132275132274,0.08465608465608465,0.7543587087864664,0.37214892749977785,0.7370713454806667,9.85204081632653,1,1176,189,0,0,G3,10
0.4074074074074074,0.21573792637622427,0.16,2.5462962962962963,0.021164021164021163,0.7236961451247166,0.4123057889394377,0.7416466980803353,15.0,0,1176,189,0,0,G1,15
0.24444444444444446,0.2469436001350895,0.16,1.527777777777778,0.015873015873015872,0.6713151927437642,0.16416967979381758,0.4963198833512917,15.0,0,1176,189,0,0,G4,15
0.3386644219977554,0.16645614358596103,0.16,2.1166526374859713,0.06349206349206349,0.7543502298783682,0.35972261096545727,0.7448229094632336,14.611394557823129,1,1176,189,0,0,G3,15
0.3896825396825397,0.21119554204660587,0.16,2.435515873015873,0.005291005291005291,0.7246598639455782,0.41560876487820947,0.7407621835180094,20.0,0,1176,189,0,0,G1,20
0.23359788359788358,0.24108409321175278,0.16,1.4599867724867723,0.005291005291005291,0.6744897959183673,0.1528496215138853,0.4736414660426818,20.0,0,1176,189,0,0,G4,20
0.32802207539049644,0.1637969855488805,0.16,2.0501379711906025,0.047619047619047616,0.7545574636723911,0.37462784562316037,0.7503685477343025,19.31122448979592,1,1176,189,0,0,G3,20
0.36913580246913585,0.2027017899358325,0.16,2.307098765432099,0.0,0.7284863945578232,0.42104424296084536,0.7550591552617896,30.0,0,1176,189,0,0,G1,30
0.2222222222222222,0.2308341776426883,0.16,1.3888888888888888,0.0,0.6812641723356009,0.14992599514267935,0.464849927362592,30.0,0,1176,189,0,0,G4,30
0.29858916262425034,0.15943203001759637,0.16,1.8661822664015646,0.031746031746031744,0.7514744824265768,0.3626690923027026,0.7410623823997684,28.258503401360546,1,1176,189,0,0,G3,30
0.4021164021164021,0.20243161094224926,0.16,2.513227513227513,0.18518518518518517,0.7340136054421769,0.3204469817481083,0.7040896736945369,5.0,0,1176,189,0,1,G1,5
0.24444444444444446,0.23262411347517734,0.16,1.527777777777778,0.23809523809523808,0.6833333333333333,0.16680559316355767,0.5189795382297915,5.0,0,1176,189,0,1,G4,5
0.3867724867724868,0.16906693711967544,0.16,2.4173280423280428,0.2275132275132275,0.7608324803821221,0.34524227596485935,0.7078528811051608,4.98469387755102,1,1176,189,0,1,G3,5
0.3783068783068783,0.19746707193515706,0.16,2.3644179894179893,0.08994708994708994,0.7343537414965986,0.3547041555250061,0.7147279715668773,10.0,0,1176,189,0,1,G1,10
0.21534391534391537,0.22867274569402227,0.16,1.345899470899471,0.07936507936507936,0.6819727891156463,0.15257633256955044,0.4713176050562069,10.0,0,1176,189,0,1,G4,10
0.3552910052910053,0.1650608519269777,0.16,2.2205687830687832,0.10582010582010581,0.7597346657477602,0.36177237442687493,0.728888245605571,9.870748299319727,1,1176,189,0,1,G3,10
0.37037037037037035,0.19405606214116852,0.16,2.3148148148148144,0.0582010582010582,0.7359410430839002,0.3953871149341449,0.7228333413743747,15.0,0,1176,189,0,1,G1,15
0.22045855379188709,0.22276258020938872,0.16,1.3778659611992943,0.015873015873015872,0.6877551020408164,0.15936665287635648,0.4913424786778384,15.0,0,1176,189,0,1,G4,15
0.34047619047619043,0.16076741041244086,0.16,2.1279761904761902,0.06349206349206349,0.7604978480865419,0.382344794024679,0.7452678470915554,14.620748299319727,1,1176,189,0,1,G3,15
0.36375661375661367,0.19088145896656536,0.16,2.2734788359788354,0.031746031746031744,0.7375425170068027,0.40899657947187995,0.7322306385123002,20.0,0,1176,189,0,1,G1,20
0.22883597883597884,0.21671732522796353,0.16,1.4302248677248677,0.010582010582010581,0.6941751700680272,0.17531006978497865,0.5441989246447199,20.0,0,1176,189,0,1,G4,20
0.32142857142857145,0.16009127789046654,0.16,2.0089285714285716,0.042328042328042326,0.7567019400352734,0.3824041409006166,0.745785154093158,19.285714285714285,1,1176,189,0,1,G3,20
0.35079365079365077,0.18736913204998315,0.16,2.192460317460317,0.015873015873015872,0.738407029478458,0.4257058786528146,0.736926606734104,30.0,0,1176,189,0,1,G1,30
0.2105820105820106,0.21421816953731848,0.16,1.3161375661375663,0.0,0.6933390022675737,0.1588846780657236,0.49017920801102155,30.0,0,1176,189,0,1,G4,30
0.2958170385706617,0.1579688097127907,0.16,1.8488564910666356,0.037037037037037035,0.75110465468192,0.36245721373733253,0.7353773660764542,28.096938775510203,1,1176,189,0,1,G3,30
0.3978947368421053,0.20953346855983773,0.16085106382978723,2.473684210526316,0.14210526315789473,0.7270408163265306,0.33390722247118,0.7018949503576385,5.0,0,1176,190,0,2,G1,5
0.23999999999999996,0.23995943204868156,0.16085106382978723,1.4920634920634919,0.23157894736842105,0.6760204081632653,0.1619436243041971,0.498879043450411,5.0,0,1176,190,0,2,G4,5
0.3603508771929825,0.16212737127371274,0.16085106382978723,2.2402766174696,0.21578947368421053,0.761530577382986,0.34799224643107607,0.7002268602540835,4.977891156462585,2,1176,190,0,2,G3,5
0.36578947368421055,0.19421906693711968,0.16085106382978723,2.2740879977722086,0.042105263157894736,0.7346938775510204,0.3849344134866065,0.7327826411871463,10.0,0,1176,190,0,2,G1,10
0.21263157894736845,0.2237322515212982,0.16085106382978723,1.3219159008632695,0.08947368421052632,0.685204081632653,0.15439430880361438,0.4798014305540728,10.0,0,1176,190,0,2,G4,10
0.3382456140350878,0.15806233062330627,0.16085106382978723,2.1028497168848053,0.07894736842105263,0.7610041265474553,0.38628264354082387,0.7258940962955055,9.891156462585034,2,1176,190,0,2,G3,10
0.3638596491228071,0.19127789046653146,0.16085106382978723,2.2620904112132187,0.02631578947368421,0.7368480725623583,0.4267277622256195,0.7524661044090957,15.0,0,1176,190,0,2,G1,15
0.21333333333333332,0.22028397565922922,0.16085106382978723,1.3262786596119929,0.05263157894736842,0.6882086167800453,0.15877149294173895,0.48970321340877543,15.0,0,1176,190,0,2,G4,15
0.3160446570972887,0.15631929046563192,0.16085106382978723,1.9648278946524562,0.05263157894736842,0.7581805523323277,0.38350849665593434,0.7309891107078039,14.656462585034014,2,1176,190,0,2,G3,15
0.35105263157894745,0.18823529411764708,0.16085106382978723,2.1824700640490122,0.015789473684210527,0.7373299319727891,0.42956798365301996,0.7547160243407708,20.0,0,1176,190,0,2,G1,20
0.20868421052631578,0.21566937119675453,0.16085106382978723,1.2973753829016987,0.010526315789473684,0.6913265306122449,0.16015501347595462,0.4882539767268069,20.0,0,1176,190,0,2,G4,20
0.3007814992025518,0.15599747474747475,0.16085106382978723,1.8699378918677163,0.021052631578947368,0.7554786115007013,0.37595161960612156,0.7356143909469415,19.401360544217688,2,1176,190,0,2,G3,20
0.3292982456140351,0.18522650439486138,0.16085106382978723,2.047224542838578,0.005263157894736842,0.7363378684807256,0.4205499533094277,0.753157360948009,30.0,0,1176,190,0,2,G1,30
0.21087719298245616,0.20804597701149424,0.16085106382978723,1.3110090039914604,0.0,0.6980725623582766,0.16890902629126583,0.509899113910537,30.0,0,1176,190,0,2,G4,30
0.2808643149375415,0.15369489853848284,0.16085106382978723,1.7461141272572025,0.015789473684210527,0.7515524205703261,0.3554791863099978,0.7369248425322943,28.209183673469386,2,1176,190,0,2,G3,30
0.3926315789473684,0.2107505070993915,0.16085106382978723,2.440963519910888,0.14736842105263157,0.7251700680272108,0.315806850565376,0.6969120316002989,5.0,0,1176,190,0,3,G1,5
0.24736842105263157,0.23874239350912782,0.16085106382978723,1.5378724589250905,0.21052631578947367,0.6782312925170068,0.16876820843192322,0.5142521618447742,5.0,0,1176,190,0,3,G4,5
0.3557894736842105,0.17079107505070992,0.16085106382978723,2.211918685602896,0.22631578947368422,0.7533639925055357,0.31972492252722184,0.6845681648339916,4.99234693877551,0,1176,190,0,3,G3,5
0.37000000000000005,0.2063894523326572,0.16085106382978723,2.3002645502645507,0.07894736842105263,0.7251700680272108,0.3498947586153304,0.7063494181701718,10.0,0,1176,190,0,3,G1,10
0.2405263157894737,0.23133874239350916,0.16085106382978723,1.495335561125035,0.05789473684210526,0.6833333333333333,0.17256514479035298,0.5250053378883315,10.0,0,1176,190,0,3,G4,10
0.33518796992481203,0.16837148652564474,0.16085106382978723,2.083840553765366,0.12105263157894737,0.7522468026270308,0.34490853182937714,0.7064374933276396,9.84013605442177,0,1176,190,0,3,G3,10
0.35789473684210527,0.20398918187964843,0.16085106382978723,2.225006961849067,0.03684210526315789,0.7252267573696145,0.36811854845611,0.7171506352087114,15.0,0,1176,190,0,3,G1,15
0.23298245614035085,0.22805949966193376,0.16085106382978723,1.4484359045762554,0.021052631578947368,0.6848639455782313,0.17067319729794836,0.5168116792996691,15.0,0,1176,190,0,3,G4,15
0.3243107769423559,0.16394281850671305,0.16085106382978723,2.0162177931601493,0.06842105263157895,0.7552410901467506,0.37105234398920867,0.7230329881498879,14.60204081632653,0,1176,190,0,3,G3,15
0.3544736842105263,0.19817444219066938,0.16085106382978723,2.203738512949039,0.010526315789473684,0.7295493197278912,0.39166262053519724,0.7333991672894202,20.0,0,1176,190,0,3,G1,20
0.21157894736842106,0.22570993914807302,0.16085106382978723,1.315371762740184,0.0,0.683375850340136,0.15467303163241783,0.4478434931141241,20.0,0,1176,190,0,3,G4,20
0.3075563909774436,0.16162706461895104,0.16085106382978723,1.9120569280343716,0.05263157894736842,0.754746835443038,0.3657752265760194,0.7244662111668624,19.346938775510203,0,1176,190,0,3,G3,20
0.34105263157894744,0.19442190669371195,0.16085106382978723,2.1203007518796997,0.005263157894736842,0.7305272108843538,0.4028239430971714,0.7448916408668731,30.0,0,1176,190,0,3,G1,30
0.22421052631578947,0.2169371196754564,0.16085106382978723,1.3939014202172098,0.0,0.6927721088435375,0.18114369010032716,0.525488416782321,30.0,0,1176,190,0,3,G4,30
0.28652400231347597,0.15908766689699755,0.16085106382978723,1.7813000143827211,0.042105263157894736,0.7510212663702992,0.36217516964713187,0.7187466638197929,28.30952380952381,0,1176,190,0,3,G3,30
0.4431578947368422,0.2338742393509128,0.16085106382978723,2.7550821498189926,0.12631578947368421,0.7139455782312926,0.3249346451482194,0.7102060424895911,5.0,0,1176,190,0,4,G1,5
0.251578947368421,0.27079107505070993,0.16085106382978723,1.5640490114174324,0.21578947368421053,0.6520408163265307,0.15361215406477144,0.47743674602327313,5.0,0,1176,190,0,4,G4,5
0.40210526315789474,0.1752284263959391,0.16085106382978723,2.499860763018658,0.18421052631578946,0.7573428961748634,0.3530608882340209,0.7274847870182556,4.979591836734694,1,1176,190,0,4,G3,5
0.41210526315789464,0.22058823529411767,0.16085106382978723,2.562030075187969,0.04736842105263158,0.7200680272108844,0.3778327943606806,0.7241245863136543,10.0,0,1176,190,0,4,G1,10
0.2521052631578947,0.2514198782961461,0.16085106382978723,1.5673210804789752,0.05789473684210526,0.6683673469387755,0.16469756101497213,0.49713088502188535,10.0,0,1176,190,0,4,G4,10
0.3584210526315789,0.16934010152284265,0.16085106382978723,2.2282790309106097,0.11052631578947368,0.7556955471177079,0.37358567633652917,0.7203079961567204,9.853741496598639,1,1176,190,0,4,G3,10
0.39368421052631586,0.21453684922244762,0.16085106382978723,2.4475076580339743,0.010526315789473684,0.7221655328798186,0.3923500267104665,0.7340450517775168,15.0,0,1176,190,0,4,G1,15
0.2414035087719298,0.24388100067613255,0.16085106382978723,1.5007890095609393,0.010526315789473684,0.6729591836734694,0.159295643300578,0.4938961246930714,15.0,0,1176,190,0,4,G4,15
0.33438596491228073,0.16717428087986466,0.16085106382978723,2.0788545437668247,0.05263157894736842,0.7533282948665775,0.3682645235248242,0.7273460019216397,14.626700680272108,1,1176,190,0,4,G3,15
0.38131578947368416,0.20877281947261664,0.16085106382978723,2.370614035087719,0.0,0.725,0.4092644999301626,0.741307248852354,20.0,0,1176,190,0,4,G1,20
0.24473684210526317,0.23509127789046655,0.16085106382978723,1.5215121136173768,0.0,0.6808673469387755,0.17387079881180673,0.5295211914166756,20.0,0,1176,190,0,4,G4,20
0.3187119113573407,0.16243120491584292,0.16085106382978723,1.9814100309252665,0.031578947368421054,0.7543357689937494,0.3740426982280799,0.7333991672894203,19.318027210884352,1,1176,190,0,4,G3,20
0.3664912280701754,0.20432724814063558,0.16085106382978723,2.278450756520932,0.0,0.7263321995464853,0.42082543839186515,0.7513958577986548,30.0,0,1176,190,0,4,G1,30
0.22929824561403506,0.23076402974983096,0.16085106382978723,1.4255314211454562,0.0,0.6820011337868481,0.16196193858210844,0.49927404718693286,30.0,0,1176,190,0,4,G4,30
0.2901123953258828,0.1575079305124355,0.16085106382978723,1.8036088069201708,0.02631578947368421,0.751141826923077,0.3557167995532672,0.7268282267534962,28.299319727891156,1,1176,190,0,4,G3,30
0.41798941798941797,0.2109422492401216,0.16,2.6124338624338623,0.1164021164021164,0.729421768707483,0.32713843843879953,0.7157223803627046,5.0,0,1176,189,1,0,G1,5
0.2275132275132275,0.24741641337386017,0.16,1.4219576719576719,0.2857142857142857,0.6681972789115647,0.15279427777660634,0.4711085379778389,5.0,0,1176,189,1,0,G4,5
0.37089947089947095,0.175177304964539,0.16,2.3181216931216935,0.21693121693121692,0.7514934289127837,0.3199567199290675,0.6964694467227396,4.982142857142857,0,1176,189,1,0,G3,5
0.38888888888888895,0.19908814589665655,0.16,2.430555555555556,0.047619047619047616,0.7346938775510204,0.3847151008592248,0.7335815334802163,10.0,0,1176,189,1,0,G1,10
0.21693121693121692,0.232016210739615,0.16,1.3558201058201058,0.08465608465608465,0.6794217687074829,0.1516400228105932,0.4745554644237522,10.0,0,1176,189,1,0,G4,10
0.35978835978835977,0.16443768996960487,0.16,2.2486772486772484,0.06349206349206349,0.7583261432269197,0.37216182911862733,0.7465302906032389,9.855442176870747,0,1176,189,1,0,G3,10
0.3823633156966491,0.19743329956095915,0.16,2.389770723104057,0.021164021164021163,0.7350340136054422,0.39632827986879815,0.7441715851037027,15.0,0,1176,189,1,0,G1,15
0.2331569664902998,0.22600472813238773,0.16,1.4572310405643736,0.010582010582010581,0.6870748299319728,0.16755626128221818,0.5198881759165448,15.0,0,1176,189,1,0,G4,15
0.3419753086419754,0.1601823708206687,0.16,2.137345679012346,0.026455026455026454,0.7576567675945836,0.3926137664670387,0.7579056839441844,14.631802721088436,0,1176,189,1,0,G3,15
0.3716931216931217,0.19245187436676797,0.16,2.3230820105820107,0.010582010582010581,0.7375,0.41109360307127785,0.7500763898940191,20.0,0,1176,189,1,0,G1,20
0.22354497354497355,0.22082066869300912,0.16,1.3971560846560847,0.005291005291005291,0.6898809523809524,0.16363134070406224,0.5122840310276986,20.0,0,1176,189,1,0,G4,20
0.32142857142857145,0.16023302938196554,0.16,2.0089285714285716,0.021164021164021163,0.7529639062088347,0.3818469009363927,0.750998429316565,19.3656462585034,0,1176,189,1,0,G3,20
0.354673721340388,0.18915906788247214,0.16,2.216710758377425,0.005291005291005291,0.7375283446712018,0.42031878824431346,0.75543172351683,30.0,0,1176,189,1,0,G1,30
0.208641975308642,0.21712259371833842,0.16,1.3040123456790125,0.0,0.6905895691609978,0.15096717525921324,0.46923229496684415,30.0,0,1176,189,1,0,G4,30
0.296585593687043,0.1560742885442238,0.16,1.8536599605440187,0.015873015873015872,0.7499399255076294,0.37957880136080985,0.7452517650086039,28.30952380952381,0,1176,189,1,0,G3,30
0.4084656084656084,0.2158054711246201,0.16,2.5529100529100526,0.1746031746031746,0.7238095238095238,0.3314496595396089,0.6926981982706399,5.0,0,1176,189,1,1,G1,5
0.2306878306878307,0.24984802431610945,0.16,1.4417989417989419,0.24338624338624337,0.6666666666666666,0.15228640249152095,0.4726443768996961,5.0,0,1176,189,1,1,G4,5
0.3682539682539683,0.16754563894523328,0.16,2.301587301587302,0.2275132275132275,0.7588205215612749,0.3301146280141731,0.6920441935639503,4.988945578231292,1,1176,189,1,1,G3,5
0.3772486772486772,0.20800405268490377,0.16,2.3578042328042326,0.07407407407407407,0.7253401360544217,0.3601841791381133,0.7089705858702819,10.0,0,1176,189,1,1,G1,10
0.2185185185185185,0.23839918946301927,0.16,1.3657407407407407,0.08994708994708994,0.6743197278911565,0.14851043903475708,0.4637885098878006,10.0,0,1176,189,1,1,G4,10
0.3425925925925926,0.1639452332657201,0.16,2.1412037037037037,0.1111111111111111,0.7588885053503625,0.35479880086364474,0.7121387562117046,9.853741496598639,1,1176,189,1,1,G3,10
0.36719576719576724,0.20290442418101995,0.16,2.294973544973545,0.031746031746031744,0.7280045351473923,0.3969578256698736,0.7180810858622408,15.0,0,1176,189,1,1,G1,15
0.23597883597883595,0.22803107058426209,0.16,1.4748677248677247,0.026455026455026454,0.6858276643990929,0.17419599198032726,0.5235280873578746,15.0,0,1176,189,1,1,G4,15
0.32213403880070546,0.16144354293441515,0.16,2.013337742504409,0.05291005291005291,0.7573392357875116,0.35940570118713744,0.721361830784323,14.598639455782314,1,1176,189,1,1,G3,15
0.3624338624338624,0.20126646403242146,0.16,2.26521164021164,0.015873015873015872,0.7286139455782313,0.4028255263156647,0.7334877213296666,20.0,0,1176,189,1,1,G1,20
0.22671957671957674,0.2272543059777102,0.16,1.4169973544973546,0.005291005291005291,0.6849914965986394,0.16976471356773148,0.49761985172319523,20.0,0,1176,189,1,1,G4,20
0.3052910052910053,0.15897565922920892,0.16,1.908068783068783,0.037037037037037035,0.7558836491846629,0.35573718504354324,0.721860375355816,19.29421768707483,1,1176,189,1,1,G3,20
0.3488536155202822,0.19564336372847013,0.16,2.180335097001764,0.005291005291005291,0.7311507936507936,0.4266904325795169,0.7464471998413235,30.0,0,1176,189,1,1,G1,30
0.21904761904761905,0.22049983113812902,0.16,1.369047619047619,0.0,0.6894274376417233,0.16720668588916834,0.4901792080110215,30.0,0,1176,189,1,1,G4,30
0.2794280675233056,0.1558702791461412,0.16,1.74642542202066,0.026455026455026454,0.7514487504527345,0.33417312850175157,0.716408549235297,28.1734693877551,1,1176,189,1,1,G3,30
0.40315789473684205,0.2259634888438134,0.16085106382978723,2.506404901141743,0.14736842105263157,0.7141156462585034,0.3122034242313103,0.6881338742393509,5.0,0,1176,190,1,2,G1,5
0.24421052631578943,0.2565922920892495,0.16085106382978723,1.518240044555834,0.2,0.6627551020408163,0.15612516450014768,0.4881605636810078,5.0,0,1176,190,1,2,G4,5
0.3778947368421052,0.17401015228426397,0.16085106382978723,2.3493455861876913,0.19473684210526315,0.754691231661549,0.33266295389511363,0.7053005231130565,4.98469387755102,1,1176,190,1,2,G3,5
0.3826315789473684,0.21764705882352944,0.16085106382978723,2.378794207741576,0.042105263157894736,0.7177721088435374,0.34908135925795264,0.7078840610654425,10.0,0,1176,190,1,2,G1,10
0.2594736842105263,0.2413793103448276,0.16085106382978723,1.6131300473405736,0.04736842105263158,0.6779761904761905,0.17665189518306518,0.5447074837194407,10.0,0,1176,190,1,2,G4,10
0.34906432748538013,0.17175408911449522,0.16085106382978723,2.170108914260961,0.11578947368421053,0.7521153514073562,0.35633798523566335,0.7089062666809011,9.848639455782314,1,1176,190,1,2,G3,10
0.36596491228070177,0.21264367816091956,0.16085106382978723,2.2751786874593893,0.021052631578947368,0.7192743764172336,0.37485401134199037,0.7047694032240845,15.0,0,1176,190,1,2,G1,15
0.2333333333333333,0.23820148749154835,0.16085106382978723,1.4506172839506173,0.010526315789473684,0.6764172335600908,0.159035121142027,0.4911631258674069,15.0,0,1176,190,1,2,G4,15
0.3271345029239766,0.16864072194021434,0.16085106382978723,2.0337727033633466,0.07368421052631578,0.7516431105682545,0.3527685868782111,0.7156693711967546,14.619897959183673,1,1176,190,1,2,G3,15
0.3549999999999999,0.20720081135902638,0.16085106382978723,2.2070105820105814,0.010526315789473684,0.7220663265306122,0.38346210059909297,0.7199823849685065,20.0,0,1176,190,1,2,G1,20
0.22763157894736843,0.2317444219066937,0.16085106382978723,1.4151698691172376,0.0,0.6809098639455783,0.15519302849705496,0.48099177965196965,20.0,0,1176,190,1,2,G4,20
0.3127762388427209,0.16575889809125183,0.16085106382978723,1.9445083631756457,0.03684210526315789,0.7521750593197997,0.3599185777054124,0.7234920465463862,19.352040816326532,1,1176,190,1,2,G3,20
0.3407017543859649,0.20202839756592295,0.16085106382978723,2.1181193725053373,0.010526315789473684,0.724092970521542,0.40020396732020497,0.7281893882779972,30.0,0,1176,190,1,2,G1,30
0.22192982456140353,0.2249154834347532,0.16085106382978723,1.379722454283858,0.0,0.6857142857142857,0.1604187071153845,0.4931648339916729,30.0,0,1176,190,1,2,G4,30
0.2859692212988612,0.16162353430106569,0.16085106382978723,1.7778509789744017,0.015789473684210527,0.749593984962406,0.3559564165374339,0.7124532934771005,28.273809523809526,1,1176,190,1,2,G3,30
0.4378947368421052,0.21825557809330629,0.16085106382978723,2.7223614592035643,0.14210526315789473,0.7261904761904762,0.33782048226768474,0.7188774420839116,5.0,0,1176,190,1,3,G1,5
0.2673684210526316,0.25111561866125764,0.16085106382978723,1.662211083263715,0.21052631578947367,0.6710884353741496,0.17110029368515003,0.5244555353901996,5.0,0,1176,190,1,3,G4,5
0.3726315789473685,0.16588832487309646,0.16085106382978723,2.3166248955722644,0.22631578947368422,0.7597746286494793,0.32240976630716023,0.7072248318565174,4.980442176870748,1,1176,190,1,3,G3,5
0.4015789473684211,0.20821501014198784,0.16085106382978723,2.4965886939571154,0.05263157894736842,0.7287414965986394,0.3766282732931453,0.7289366926443899,10.0,0,1176,190,1,3,G1,10
0.25421052631578944,0.23661257606490874,0.16085106382978723,1.580409356725146,0.05789473684210526,0.6811224489795918,0.17593543396850425,0.5384701612042276,10.0,0,1176,190,1,3,G4,10
0.34789473684210526,0.16446700507614212,0.16085106382978723,2.162837649679755,0.11052631578947368,0.756461061337009,0.3465531762202922,0.719670118501121,9.870748299319727,1,1176,190,1,3,G3,10
0.3870175438596491,0.20513860716700472,0.16085106382978723,2.406061449921099,0.015789473684210527,0.7289682539682539,0.3932886206531223,0.7345841784989858,15.0,0,1176,190,1,3,G1,15
0.22807017543859648,0.23576741041244084,0.16085106382978723,1.41789659333519,0.021052631578947368,0.6776077097505669,0.15613584169986044,0.4853021244795559,15.0,0,1176,190,1,3,G4,15
0.329377990430622,0.1604245500692201,0.16085106382978723,2.0477203108782054,0.07368421052631578,0.7567253500668177,0.360380324182171,0.7358225685918651,14.635204081632653,1,1176,190,1,3,G3,15
0.37447368421052635,0.19969574036511156,0.16085106382978723,2.328077137287664,0.005263157894736842,0.7315051020408163,0.41243372051199073,0.748211807408989,20.0,0,1176,190,1,3,G1,20
0.21947368421052632,0.2295638945233266,0.16085106382978723,1.364452798663325,0.005263157894736842,0.6814200680272109,0.15241104704547162,0.46337941710259417,20.0,0,1176,190,1,3,G4,20
0.31493200705112057,0.1578303742744031,0.16085106382978723,1.9579106258469137,0.03684210526315789,0.7567235014941115,0.37369066602961226,0.748134408028184,19.35034013605442,1,1176,190,1,3,G3,20
0.35228070175438597,0.19685598377281946,0.16085106382978723,2.190104891859278,0.0,0.7303004535147393,0.4058837733521722,0.7479369061599231,30.0,0,1176,190,1,3,G1,30
0.22403508771929823,0.22156862745098038,0.16085106382978723,1.3928107305300288,0.0,0.688860544217687,0.16585341003676574,0.5114444325824704,30.0,0,1176,190,1,3,G4,30
0.29029637952075626,0.15523893863728222,0.16085106382978723,1.8047526240047018,0.031578947368421054,0.7524268917696714,0.36110119024155235,0.7385875947475178,28.20578231292517,1,1176,190,1,3,G3,30
0.41894736842105273,0.2156186612576065,0.16085106382978723,2.6045669729880263,0.1368421052631579,0.7253401360544217,0.3154860975224595,0.7166221842639051,5.0,0,1176,190,1,4,G1,5
0.24947368421052635,0.24827586206896554,0.16085106382978723,1.5509607351712618,0.24210526315789474,0.670578231292517,0.16347199764405343,0.5022125547133554,5.0,0,1176,190,1,4,G4,5
0.40561403508771926,0.1721150592216582,0.16085106382978723,2.521674556762276,0.17894736842105263,0.7608398770911574,0.37648898402313447,0.7299135262090317,4.9812925170068025,1,1176,190,1,4,G3,5
0.39000000000000007,0.20091277890466533,0.16085106382978723,2.4246031746031753,0.07894736842105263,0.7329931972789115,0.3869497083390868,0.7313280666168464,10.0,0,1176,190,1,4,G1,10
0.23473684210526316,0.2308316430020284,0.16085106382978723,1.4593428014480647,0.04736842105263158,0.6828231292517006,0.16991829920493418,0.5074330095014412,10.0,0,1176,190,1,4,G4,10
0.35994152046783623,0.16315848843767625,0.16085106382978723,2.2377316748661777,0.09473684210526316,0.7615066367867609,0.3879001884373341,0.747723390626668,9.865646258503402,1,1176,190,1,4,G3,10
0.384561403508772,0.19939148073022314,0.16085106382978723,2.3907917943005668,0.042105263157894736,0.7333900226757369,0.4310241686142269,0.7423534749653038,15.0,0,1176,190,1,4,G1,15
0.22631578947368416,0.2298850574712644,0.16085106382978723,1.4069896964633803,0.010526315789473684,0.6822562358276644,0.1578154757232539,0.49007953453613745,15.0,0,1176,190,1,4,G4,15
0.3415204678362573,0.15977439368302315,0.16085106382978723,2.1232092577121815,0.05789473684210526,0.7615809357744842,0.3904457339457183,0.7607878723177111,14.630102040816327,1,1176,190,1,4,G3,15
0.3781578947368421,0.1950811359026369,0.16085106382978723,2.350981620718463,0.02631578947368421,0.735969387755102,0.4449254299905753,0.7580575424362123,20.0,0,1176,190,1,4,G1,20
0.22763157894736843,0.22408722109533472,0.16085106382978723,1.4151698691172376,0.010526315789473684,0.6873299319727891,0.17177371043179868,0.5088689014625815,20.0,0,1176,190,1,4,G4,20
0.32178362573099417,0.1594529046813311,0.16085106382978723,2.000506667904329,0.031578947368421054,0.758402252331515,0.3833539992018088,0.7593386356357424,19.329931972789115,1,1176,190,1,4,G3,20
0.35912280701754384,0.1931710615280595,0.16085106382978723,2.2326417896593336,0.005263157894736842,0.7344954648526077,0.43487190292682965,0.7602220561545853,30.0,0,1176,190,1,4,G1,30
0.21684210526315792,0.22058823529411764,0.16085106382978723,1.3480924533556116,0.0,0.6885204081632653,0.15856698800068603,0.48879310344827587,30.0,0,1176,190,1,4,G4,30
0.2988888888888889,0.1576762549351382,0.16085106382978723,1.8581716637272196,0.015789473684210527,0.7523640305968801,0.3517972659491559,0.7527143162165046,28.23639455782313,1,1176,190,1,4,G3,30
0.41693121693121693,0.23282674772036474,0.16,2.6058201058201056,0.164021164021164,0.7108843537414966,0.3246618632557796,0.6802587071077446,5.0,0,1176,189,2,0,G1,5
0.2624338624338624,0.2624113475177305,0.16,1.64021164021164,0.24338624338624337,0.6612244897959184,0.16306457031496374,0.5059235672204263,5.0,0,1176,189,2,0,G4,5
0.4121693121693122,0.17375886524822695,0.16,2.576058201058201,0.19047619047619047,0.7598089389286933,0.37098290018013097,0.7205068000407413,4.98469387755102,0,1176,189,2,0,G3,5
0.40264550264550264,0.21762917933130702,0.16,2.5165343915343916,0.0582010582010582,0.721343537414966,0.37926582277912874,0.7108173450625326,10.0,0,1176,189,2,0,G1,10
0.2470899470899471,0.24741641337386017,0.16,1.5443121693121693,0.0582010582010582,0.671343537414966,0.16458975152488067,0.4943953940914427,10.0,0,1176,189,2,0,G4,10
0.3716931216931217,0.1686423505572442,0.16,2.3230820105820107,0.1111111111111111,0.7580478567739715,0.3752848151938826,0.7274381777927876,9.879251700680273,0,1176,189,2,0,G3,10
0.39611992945326285,0.21465721040189126,0.16,2.475749559082893,0.026455026455026454,0.7227891156462585,0.40259880472679244,0.7236535276048953,15.0,0,1176,189,2,0,G1,15
0.23774250440917105,0.24498480243161094,0.16,1.485890652557319,0.005291005291005291,0.6718820861678004,0.15804287390152166,0.4717920265032727,15.0,0,1176,189,2,0,G4,15
0.34448452781786115,0.16334929845568147,0.16,2.1530282988616323,0.06878306878306878,0.7582098227259517,0.3871529835849209,0.7357820984973974,14.630102040816327,0,1176,189,2,0,G3,15
0.3814814814814815,0.20845997973657548,0.16,2.384259259259259,0.010582010582010581,0.7256377551020409,0.41489473011267664,0.7345759422760436,20.0,0,1176,189,2,0,G1,20
0.23677248677248677,0.23617021276595745,0.16,1.4798280423280423,0.010582010582010581,0.6791241496598639,0.16167194561315773,0.5155808580327323,20.0,0,1176,189,2,0,G4,20
0.32640692640692637,0.15841853182278712,0.16,2.0400432900432897,0.047619047619047616,0.7588743063507443,0.4000256413091007,0.7400331290908798,19.3078231292517,0,1176,189,2,0,G3,20
0.3656084656084656,0.20330969267139481,0.16,2.28505291005291,0.005291005291005291,0.7274092970521542,0.42509325211128374,0.7462971004004438,30.0,0,1176,189,2,0,G1,30
0.2253968253968254,0.23015873015873015,0.16,1.4087301587301588,0.005291005291005291,0.6823412698412699,0.15602855784997605,0.47222088204864293,30.0,0,1176,189,2,0,G4,30
0.301137477063403,0.1568912700118374,0.16,1.8821092316462686,0.021164021164021163,0.7536917605930926,0.37705116722963206,0.7353023163560144,28.215986394557824,0,1176,189,2,0,G3,30
0.4275132275132275,0.20526849037487338,0.16,2.671957671957672,0.1746031746031746,0.7357142857142858,0.33793003599057925,0.7212251330792364,5.0,0,1176,189,2,1,G1,5
0.23174603174603173,0.24275582573454915,0.16,1.4484126984126984,0.2751322751322751,0.6727891156462585,0.15879084991694972,0.4815324080774942,5.0,0,1176,189,2,1,G4,5
0.37872340425531914,0.17302231237322518,0.16,2.367021276595745,0.24468085106382978,0.7549940242444938,0.33169002171544676,0.696362232836397,4.980442176870748,2,1176,189,2,1,G3,5
0.4010582010582011,0.19989868287740628,0.16,2.5066137566137567,0.07407407407407407,0.735969387755102,0.3764137183403382,0.7375993738709037,10.0,0,1176,189,2,1,G1,10
0.2222222222222222,0.2341438703140831,0.16,1.3888888888888888,0.1111111111111111,0.6784863945578231,0.15431513394928145,0.4797499772170491,10.0,0,1176,189,2,1,G4,10
0.36223404255319147,0.16693711967545638,0.16,2.2639627659574466,0.12234042553191489,0.7577559462254395,0.36758168502757255,0.7315953962357205,9.86734693877551,2,1176,189,2,1,G3,10
0.3873015873015873,0.19547450185748058,0.16,2.4206349206349205,0.05291005291005291,0.7374716553287982,0.4078481818876375,0.7449354840438933,15.0,0,1176,189,2,1,G1,15
0.23492063492063486,0.2246538331644715,0.16,1.468253968253968,0.0,0.6884920634920635,0.17213590770723272,0.5259055552875208,15.0,0,1176,189,2,1,G4,15
0.3419084461637653,0.1626651914684369,0.16,2.136927788523533,0.07446808510638298,0.7576672862453532,0.3832789605794543,0.7396069538926682,14.639455782312925,2,1176,189,2,1,G3,15
0.3791005291005291,0.18941236068895645,0.16,2.369378306878307,0.031746031746031744,0.7412414965986395,0.4212767272691741,0.7587044273974366,20.0,0,1176,189,2,1,G1,20
0.21878306878306875,0.2201114488348531,0.16,1.3673941798941796,0.010582010582010581,0.6897108843537415,0.15913486083200018,0.5031360061755198,20.0,0,1176,189,2,1,G4,20
0.3279013539651838,0.16075511709385948,0.16,2.0493834622823983,0.05851063829787234,0.7565060664673817,0.3854786572619621,0.7496153701827462,19.343537414965986,2,1176,189,2,1,G3,20
0.363668430335097,0.1888213441404931,0.16,2.272927689594356,0.010582010582010581,0.7392573696145125,0.42005529643613976,0.7564904606444627,30.0,0,1176,189,2,1,G1,30
0.21499118165784828,0.21729145558932794,0.16,1.3436948853615518,0.005291005291005291,0.691468253968254,0.15950927252797947,0.4963895723774143,30.0,0,1176,189,2,1,G4,30
0.30008980381320804,0.15630471624386433,0.16,1.8755612738325502,0.03723404255319149,0.7528190978886756,0.3753385493423308,0.7474978959274804,28.35374149659864,2,1176,189,2,1,G3,30
0.41368421052631577,0.21845841784989858,0.16085106382978723,2.571846282372598,0.14736842105263157,0.722108843537415,0.3278997549130881,0.7088822461834099,5.0,0,1176,190,2,2,G1,5
0.24631578947368418,0.250709939148073,0.16085106382978723,1.531328320802005,0.24736842105263157,0.6680272108843538,0.15965693311861762,0.49642628376214365,5.0,0,1176,190,2,2,G4,5
0.3852631578947368,0.16365482233502537,0.16085106382978723,2.3951545530492897,0.2,0.7644247183339024,0.36066269451343425,0.721047293690616,4.9812925170068025,1,1176,190,2,2,G3,5
0.3715789473684211,0.20801217038539557,0.16085106382978723,2.310080757449179,0.05263157894736842,0.7240646258503401,0.34288341752316215,0.7147619301804206,10.0,0,1176,190,2,2,G1,10
0.2394736842105263,0.23346855983772818,0.16085106382978723,1.4887914230019494,0.07368421052631578,0.6813775510204082,0.17065316169450995,0.5104862816269884,10.0,0,1176,190,2,2,G4,10
0.3480116959064327,0.15916525662718556,0.16085106382978723,2.1635647761378753,0.10526315789473684,0.7621719613259669,0.3651954228666044,0.7317631045158535,9.850340136054422,1,1176,190,2,2,G3,10
0.36140350877192984,0.20229885057471264,0.16085106382978723,2.246820755592686,0.010526315789473684,0.7272108843537415,0.3731954067810512,0.7315228995409416,15.0,0,1176,190,2,2,G1,15
0.22666666666666666,0.22826233941852603,0.16085106382978723,1.4091710758377425,0.010526315789473684,0.6836734693877551,0.16197875349264834,0.4868447742073236,15.0,0,1176,190,2,2,G4,15
0.32415204678362575,0.15811618725324308,0.16085106382978723,2.0152309786812714,0.06315789473684211,0.7589842157376667,0.3727459666317505,0.7349978648446674,14.599489795918368,1,1176,190,2,2,G3,15
0.3547368421052632,0.19918864097363082,0.16085106382978723,2.2053745474798108,0.010526315789473684,0.7287414965986394,0.3963389479780998,0.738894523326572,20.0,0,1176,190,2,2,G1,20
0.2244736842105263,0.224290060851927,0.16085106382978723,1.395537454747981,0.005263157894736842,0.6866496598639455,0.1640235403574898,0.5099311412405252,20.0,0,1176,190,2,2,G4,20
0.30564327485380116,0.15581500282007898,0.16085106382978723,1.9001632166836846,0.05263157894736842,0.7578008262283554,0.3718816758563236,0.7386596562399914,19.348639455782312,1,1176,190,2,2,G3,20
0.33614035087719296,0.19394861392832996,0.16085106382978723,2.089761440638634,0.0,0.7301303854875284,0.40578804324195683,0.7461914166755631,30.0,0,1176,190,2,2,G1,30
0.22438596491228066,0.2154834347532116,0.16085106382978723,1.3949921099043905,0.0,0.6940192743764172,0.17385469877652268,0.5327933169638092,30.0,0,1176,190,2,2,G4,30
0.2812505623031939,0.15491951928500156,0.16085106382978723,1.7485154005621844,0.031578947368421054,0.7517749699157641,0.34022779253402613,0.7235214049322088,28.26530612244898,1,1176,190,2,2,G3,30
0.4042105263157895,0.2152129817444219,0.16085106382978723,2.512949039264829,0.14736842105263157,0.7232993197278912,0.32374386826145907,0.6937600085406213,5.0,0,1176,190,2,3,G1,5
0.26421052631578945,0.24219066937119677,0.16085106382978723,1.6425786688944584,0.24736842105263157,0.6780612244897959,0.179663151909126,0.5305327212554714,5.0,0,1176,190,2,3,G4,5
0.3678947368421053,0.16984771573604063,0.16085106382978723,2.2871762740183796,0.23684210526315788,0.7563555707217199,0.3254409302826072,0.6952119141667557,4.983843537414966,1,1176,190,2,3,G3,5
0.37105263157894736,0.20344827586206898,0.16085106382978723,2.306808688387636,0.06315789473684211,0.7278061224489796,0.355820895326911,0.712311839436319,10.0,0,1176,190,2,3,G1,10
0.23368421052631583,0.2299188640973631,0.16085106382978723,1.4527986633249794,0.05263157894736842,0.6834183673469387,0.16472842771562163,0.5167716451371838,10.0,0,1176,190,2,3,G4,10
0.3515789473684211,0.1635532994923858,0.16085106382978723,2.1857421331105544,0.11052631578947368,0.7593550612174513,0.3761059746557158,0.7259207857371623,9.862244897959183,1,1176,190,2,3,G3,10
0.3659649122807018,0.1979716024340771,0.16085106382978723,2.27517868745939,0.04736842105263158,0.7315759637188208,0.395745591591,0.7247517881925909,15.0,0,1176,190,2,3,G1,15
0.22350877192982457,0.22542258282623392,0.16085106382978723,1.3895386614684861,0.010526315789473684,0.6855442176870749,0.1584294819859884,0.4958070887157041,15.0,0,1176,190,2,3,G4,15
0.3310526315789474,0.15983079526226734,0.16085106382978723,2.058131439710387,0.05789473684210526,0.7582833517731322,0.3871305276713114,0.7444832924095228,14.602891156462585,1,1176,190,2,3,G3,15
0.35973684210526313,0.19528397565922923,0.16085106382978723,2.2364592035644666,0.015789473684210527,0.7328231292517007,0.4115295108368145,0.7416301910964023,20.0,0,1176,190,2,3,G1,20
0.22105263157894736,0.2220081135902637,0.16085106382978723,1.3742690058479532,0.010526315789473684,0.6880102040816326,0.1605065098824107,0.5014278851286431,20.0,0,1176,190,2,3,G4,20
0.3215789473684211,0.1598477157360406,0.16085106382978723,1.999234196602618,0.042105263157894736,0.7553820363508029,0.3913186862590801,0.7467945980570087,19.275510204081634,1,1176,190,2,3,G3,20
0.3452631578947368,0.19107505070993916,0.16085106382978723,2.1464773043720413,0.005263157894736842,0.7340136054421769,0.4292010879851551,0.7500507099391481,30.0,0,1176,190,2,3,G1,30
0.21473684210526314,0.21622718052738335,0.16085106382978723,1.3350041771094403,0.005263157894736842,0.6918367346938775,0.16025422359436145,0.49849738443471764,30.0,0,1176,190,2,3,G4,30
0.2929250398724083,0.15784525457621906,0.16085106382978723,1.8210948246035967,0.031578947368421054,0.7501357629879926,0.3684021817986986,0.7309384007686559,28.185374149659864,1,1176,190,2,3,G3,30
0.42000000000000004,0.22251521298174443,0.16085106382978723,2.6111111111111116,0.12105263157894737,0.7197278911564626,0.3189549844413138,0.7062853635101953,5.0,0,1176,190,2,4,G1,5
0.2505263157894737,0.25517241379310346,0.16085106382978723,1.5575048732943473,0.2631578947368421,0.6649659863945578,0.16187093467145508,0.4911177538165902,5.0,0,1176,190,2,4,G4,5
0.37578947368421056,0.17624365482233506,0.16085106382978723,2.3362573099415207,0.21052631578947367,0.7523045407989075,0.33031725254841215,0.6913606277356678,4.9812925170068025,1,1176,190,2,4,G3,5
0.39263157894736855,0.21409736308316432,0.16085106382978723,2.4409635199108894,0.06842105263157895,0.7223639455782312,0.3773267921645259,0.7146631792462902,10.0,0,1176,190,2,4,G1,10
0.24631578947368418,0.24229208924949291,0.16085106382978723,1.531328320802005,0.03684210526315789,0.6750850340136054,0.16566409406995838,0.5035657094053593,10.0,0,1176,190,2,4,G4,10
0.33736842105263165,0.17126903553299494,0.16085106382978723,2.0973962684489007,0.09473684210526316,0.7503015681544029,0.34501212608878407,0.7069392548307889,9.869047619047619,1,1176,190,2,4,G3,10
0.3729824561403509,0.20872210953346856,0.16085106382978723,2.3188062749466263,0.02631578947368421,0.7236961451247166,0.3865956804398148,0.7254430447315042,15.0,0,1176,190,2,4,G1,15
0.2428070175438597,0.2338066260987154,0.16085106382978723,1.509514527058387,0.021052631578947368,0.6816326530612244,0.17495329992270336,0.5204361054766735,15.0,0,1176,190,2,4,G4,15
0.31964912280701757,0.16818950930626056,0.16085106382978723,1.9872366100436278,0.05263157894736842,0.749956387742048,0.34672897914550405,0.7238096509021031,14.623299319727892,1,1176,190,2,4,G3,15
0.36026315789473684,0.20552738336713997,0.16085106382978723,2.2397312726260097,0.005263157894736842,0.7243197278911565,0.3862980671452969,0.7244021565068859,20.0,0,1176,190,2,4,G1,20
0.2257894736842105,0.23144016227180525,0.16085106382978723,1.403717627401838,0.005263157894736842,0.6808673469387755,0.16488130233757753,0.4781680367246717,20.0,0,1176,190,2,4,G4,20
0.29973684210526313,0.1664467005076142,0.16085106382978723,1.8634433305485936,0.042105263157894736,0.7481077275127619,0.33949489472090466,0.7200757980143055,19.32312925170068,1,1176,190,2,4,G3,20
0.3391228070175439,0.20098039215686275,0.16085106382978723,2.1083031653207094,0.0,0.7247165532879819,0.38032483194060074,0.7255791608839542,30.0,0,1176,190,2,4,G1,30
0.21947368421052632,0.2240365111561866,0.16085106382978723,1.364452798663325,0.0,0.6860544217687075,0.16042860735175804,0.4828066616846376,30.0,0,1176,190,2,4,G4,30
0.2785714285714286,0.16159535895576504,0.16085106382978723,1.7318594104308391,0.03684210526315789,0.7463566547741428,0.3301559099380413,0.7202279278317498,28.124149659863946,1,1176,190,2,4,G3,30
0.42857142857142855,0.20871327254305977,0.16,2.6785714285714284,0.14814814814814814,0.7329931972789115,0.34648027739610865,0.720053821370944,5.0,0,1176,189,3,0,G1,5
0.24867724867724866,0.24316109422492402,0.16,1.5542328042328042,0.2275132275132275,0.6751700680272109,0.16370954143166483,0.5073977581576365,5.0,0,1176,189,3,0,G4,5
0.3978835978835979,0.16815415821501015,0.16,2.486772486772487,0.20105820105820105,0.7637418914305224,0.3512252262451033,0.7248623641734078,4.9812925170068025,1,1176,189,3,0,G3,5
0.39047619047619053,0.20344478216818643,0.16,2.4404761904761907,0.06349206349206349,0.7312925170068028,0.3730667079601971,0.7303704775842568,10.0,0,1176,189,3,0,G1,10
0.22910052910052908,0.23434650455927053,0.16,1.4318783068783068,0.06878306878306878,0.6794217687074829,0.15673992972220158,0.49545413121907544,10.0,0,1176,189,3,0,G4,10
0.3583186360964139,0.1654947036285779,0.16,2.2394914756025868,0.10052910052910052,0.7599001377410468,0.35331547531192187,0.7366183668108692,9.877551020408163,1,1176,189,3,0,G3,10
0.37248677248677253,0.19878419452887539,0.16,2.3280423280423284,0.026455026455026454,0.7323129251700681,0.38612603721962424,0.737714628798722,15.0,0,1176,189,3,0,G1,15
0.22186948853615518,0.22762580209388722,0.16,1.38668430335097,0.037037037037037035,0.6839002267573696,0.15974513729362835,0.48741040939622493,15.0,0,1176,189,3,0,G4,15
0.34217305328416436,0.16105066896141945,0.16,2.1385815830260273,0.0582010582010582,0.760244470314319,0.36708392048995897,0.7482403520904028,14.608843537414966,1,1176,189,3,0,G3,15
0.35820105820105824,0.19533941236068897,0.16,2.238756613756614,0.021164021164021163,0.7329081632653062,0.3921982961059503,0.7373045356834617,20.0,0,1176,189,3,0,G1,20
0.22513227513227513,0.22082066869300912,0.16,1.4070767195767195,0.005291005291005291,0.6901360544217687,0.16736378400150453,0.5146775810402964,20.0,0,1176,189,3,0,G4,20
0.3248891026668805,0.15968150060442152,0.16,2.030556891668003,0.042328042328042326,0.7577346848832085,0.3655799196982951,0.7495510418509406,19.29421768707483,1,1176,189,3,0,G3,20
0.34744268077601403,0.19317798041202294,0.16,2.1715167548500878,0.005291005291005291,0.7329931972789115,0.4015318261564462,0.7463051414419195,30.0,0,1176,189,3,0,G1,30
0.22010582010582008,0.2175616345829112,0.16,1.3756613756613756,0.0,0.692063492063492,0.17022253604144633,0.5023506644580605,30.0,0,1176,189,3,0,G4,30
0.29836624281068724,0.15568841796022323,0.16,1.8647890175667952,0.026455026455026454,0.7535397963487377,0.3582599939506151,0.7448014666859653,28.226190476190474,1,1176,189,3,0,G3,30
0.36507936507936506,0.2048632218844985,0.16,2.2817460317460316,0.15873015873015872,0.7260204081632653,0.2958129918242807,0.6830355467640169,5.0,0,1176,189,3,1,G1,5
0.23492063492063492,0.2297872340425532,0.16,1.4682539682539681,0.2698412698412698,0.6841836734693878,0.16581651852279727,0.5011900741384023,5.0,0,1176,189,3,1,G4,5
0.3481481481481482,0.16879432624113477,0.16,2.175925925925926,0.20105820105820105,0.7543470848960109,0.3122275287853209,0.6976273566952392,4.988095238095238,0,1176,189,3,1,G3,5
0.3407407407407408,0.2006079027355623,0.16,2.1296296296296298,0.06878306878306878,0.7256802721088436,0.33512313409200795,0.7007017148861121,10.0,0,1176,189,3,1,G1,10
0.2132275132275133,0.22502532928064845,0.16,1.3326719576719581,0.08994708994708994,0.6846938775510204,0.15266097662964823,0.47909865285751807,10.0,0,1176,189,3,1,G4,10
0.3075249853027631,0.16269278396937972,0.16,1.9220311581422695,0.10582010582010581,0.7531045187995861,0.3234021711301692,0.7102893166722953,9.860544217687075,0,1176,189,3,1,G3,10
0.3333333333333333,0.19729821006416753,0.16,2.083333333333333,0.021164021164021163,0.7272675736961451,0.35137459362897006,0.7186895246672349,15.0,0,1176,189,3,1,G1,15
0.22610229276895943,0.21783181357649442,0.16,1.4131393298059964,0.021164021164021163,0.6928004535147392,0.17114002933232167,0.5234691197203862,15.0,0,1176,189,3,1,G4,15
0.29041740152851264,0.1599234492851514,0.16,1.815108759553204,0.06878306878306878,0.7530964703145897,0.3304573549870965,0.7205898908026567,14.623299319727892,0,1176,189,3,1,G3,15
0.3277777777777778,0.19574468085106383,0.16,2.048611111111111,0.005291005291005291,0.7276785714285714,0.3583626974014782,0.7294698809389792,20.0,0,1176,189,3,1,G1,20
0.2171957671957672,0.21691995947315096,0.16,1.3574735449735449,0.005291005291005291,0.6921343537414966,0.16629450654821187,0.499367438070579,20.0,0,1176,189,3,1,G4,20
0.2773662551440329,0.15894405043341212,0.16,1.7335390946502056,0.047619047619047616,0.7522395924819955,0.3185374901254093,0.723618683091834,19.36394557823129,0,1176,189,3,1,G3,20
0.3156966490299824,0.1900371496116177,0.16,1.97310405643739,0.0,0.7305272108843538,0.388929507377413,0.7395989128511924,30.0,0,1176,189,3,1,G1,30
0.21005291005291007,0.21026680175616347,0.16,1.312830687830688,0.0,0.6965702947845805,0.158665197398751,0.4934143870314083,30.0,0,1176,189,3,1,G4,30
0.2579530757308535,0.15610962717345697,0.16,1.6122067233178345,0.021164021164021163,0.7492924670319745,0.3092154317437722,0.7136745951335617,28.243197278911566,0,1176,189,3,1,G3,30
0.43052631578947376,0.23286004056795134,0.16085106382978723,2.676552492341967,0.12105263157894737,0.7127551020408164,0.31360509125481734,0.7031413472830148,5.0,0,1176,190,3,2,G1,5
0.25684210526315787,0.2663286004056795,0.16085106382978723,1.59676970203286,0.22105263157894736,0.6566326530612245,0.15886392779623368,0.49021565068858763,5.0,0,1176,190,3,2,G4,5
0.39368421052631586,0.17786802030456852,0.16085106382978723,2.4475076580339743,0.21052631578947367,0.7531580744281324,0.34044424965083975,0.7079694672787445,4.9812925170068025,1,1176,190,3,2,G3,5
0.4110526315789474,0.21612576064908726,0.16085106382978723,2.555485937064885,0.042105263157894736,0.7236394557823129,0.3846186493353962,0.7378883313761075,10.0,0,1176,190,3,2,G1,10
0.2415789473684211,0.24878296146044623,0.16085106382978723,1.5018796992481205,0.05789473684210526,0.6688775510204081,0.15900021547831758,0.4818324970641615,10.0,0,1176,190,3,2,G4,10
0.35201754385964906,0.1708798646362098,0.16085106382978723,2.1884688573285063,0.10526315789473684,0.7522888236310243,0.353696595395974,0.719285790541262,9.845238095238095,1,1176,190,3,2,G3,10
0.40456140350877196,0.20892494929006086,0.16085106382978723,2.515130418639191,0.021052631578947368,0.7286281179138322,0.4243612379038666,0.7585112629443792,15.0,0,1176,190,3,2,G1,15
0.24947368421052632,0.23881000676132524,0.16085106382978723,1.5509607351712615,0.02631578947368421,0.6785147392290249,0.17401267939509857,0.5284589516387318,15.0,0,1176,190,3,2,G4,15
0.3300877192982457,0.16563451776649746,0.16085106382978723,2.0521326464308927,0.06842105263157895,0.7532618825722274,0.3724638125470657,0.7257046012597416,14.598639455782314,1,1176,190,3,2,G3,15
0.3863157894736842,0.20375253549695738,0.16085106382978723,2.4016986911723754,0.010526315789473684,0.7300170068027211,0.4354763486704268,0.7606837834952493,20.0,0,1176,190,3,2,G1,20
0.21710526315789475,0.23635902636916836,0.16085106382978723,1.3497284878863827,0.0,0.6753401360544218,0.14946186238688938,0.44141667556314723,20.0,0,1176,190,3,2,G4,20
0.31570175438596493,0.16351945854483926,0.16085106382978723,1.962696092082057,0.02631578947368421,0.7523327464788733,0.377788216789171,0.7309971175403012,19.31972789115646,1,1176,190,3,2,G3,20
0.3603508771929825,0.19912102772143342,0.16085106382978723,2.2402766174696,0.010526315789473684,0.7297052154195012,0.4240403902937432,0.7569072275008006,30.0,0,1176,190,3,2,G1,30
0.22736842105263158,0.22474645030425963,0.16085106382978723,1.4135338345864663,0.0,0.686734693877551,0.16987876945731478,0.5130671506352087,30.0,0,1176,190,3,2,G4,30
0.2952005012531328,0.15919990331157843,0.16085106382978723,1.8352412114943442,0.02631578947368421,0.7499849660232124,0.3691306871681033,0.7332150101419879,28.28061224489796,1,1176,190,3,2,G3,30
0.4147368421052631,0.21115618661257607,0.16085106382978723,2.5783904204956833,0.1736842105263158,0.7284013605442177,0.33748034972717955,0.7001654745382726,5.0,0,1176,190,3,3,G1,5
0.21684210526315792,0.24929006085192698,0.16085106382978723,1.3480924533556116,0.28421052631578947,0.6644557823129251,0.14968017466120523,0.4561278958044198,5.0,0,1176,190,3,3,G4,5
0.38,0.16808943089430894,0.16085106382978723,2.3624338624338628,0.24210526315789474,0.7589087809036659,0.3531323299668912,0.6994368527810398,4.987244897959184,2,1176,190,3,3,G3,5
0.39368421052631575,0.20314401622718053,0.16085106382978723,2.447507658033974,0.08421052631578947,0.73171768707483,0.3868007573708641,0.7203240098217145,10.0,0,1176,190,3,3,G1,10
0.23368421052631583,0.2339756592292089,0.16085106382978723,1.4527986633249794,0.07368421052631578,0.680017006802721,0.16374978509011667,0.4997064161417743,10.0,0,1176,190,3,3,G4,10
0.3621052631578948,0.16219512195121955,0.16085106382978723,2.2511835143414096,0.09473684210526316,0.7608283002588438,0.3835850795350521,0.7353901996370237,9.855442176870747,2,1176,190,3,3,G3,10
0.3810526315789474,0.19939148073022314,0.16085106382978723,2.3689780005569485,0.06315789473684211,0.7328231292517007,0.4188212865938777,0.726257072702039,15.0,0,1176,190,3,3,G1,15
0.22947368421052627,0.22860040567951323,0.16085106382978723,1.426622110832637,0.02631578947368421,0.683843537414966,0.16378851868754302,0.5019216397992955,15.0,0,1176,190,3,3,G4,15
0.3442105263157895,0.15989159891598917,0.16085106382978723,2.139933166248956,0.05789473684210526,0.7595695171611402,0.39557113665825666,0.7436318992206683,14.61734693877551,2,1176,190,3,3,G3,15
0.37605263157894736,0.19650101419878296,0.16085106382978723,2.337893344472292,0.021052631578947368,0.7344387755102041,0.43035008507561734,0.7426177004377068,20.0,0,1176,190,3,3,G1,20
0.22473684210526318,0.22565922920892495,0.16085106382978723,1.3971734892787526,0.005263157894736842,0.6855442176870749,0.16106686192522765,0.5040834845735027,20.0,0,1176,190,3,3,G4,20
0.32921052631578945,0.15975609756097559,0.16085106382978723,2.046679197994987,0.031578947368421054,0.7570425625274243,0.39416970316243566,0.7484626881605636,19.37925170068027,2,1176,190,3,3,G3,20
0.3636842105263158,0.19327248140635564,0.16085106382978723,2.260999721526037,0.010526315789473684,0.7351473922902494,0.434697609639515,0.757571794598057,30.0,0,1176,190,3,3,G1,30
0.22210526315789475,0.22055442866801894,0.16085106382978723,1.380813143971039,0.0,0.6893990929705215,0.16065719610435325,0.5064108038859827,30.0,0,1176,190,3,3,G4,30
0.30770653907496015,0.15877617639812763,0.16085106382978723,1.9129903884289852,0.010526315789473684,0.7515324519230769,0.38726687477283855,0.7386783388491511,28.299319727891156,2,1176,190,3,3,G3,30
0.45157894736842114,0.2316430020283976,0.16085106382978723,2.8074352548036763,0.15263157894736842,0.7171768707482993,0.34174724957820335,0.7113643642574997,5.0,0,1176,190,3,4,G1,5
0.25263157894736843,0.26997971602434073,0.16085106382978723,1.570593149540518,0.23684210526315788,0.652891156462585,0.15534591545069024,0.4822355076331803,5.0,0,1176,190,3,4,G4,5
0.40789473684210525,0.17329949238578682,0.16085106382978723,2.535853522695628,0.18947368421052632,0.7597336065573771,0.3719687257286511,0.7194912992420197,4.979591836734694,1,1176,190,3,4,G3,5
0.41263157894736835,0.21450304259634892,0.16085106382978723,2.5653021442495123,0.07368421052631578,0.7252551020408163,0.3868696567070731,0.7218533148286538,10.0,0,1176,190,3,4,G1,10
0.24526315789473685,0.2467545638945233,0.16085106382978723,1.5247841826789197,0.07368421052631578,0.6711734693877551,0.16260299307397763,0.4944085619728835,10.0,0,1176,190,3,4,G4,10
0.38140350877192986,0.16978003384094756,0.16085106382978723,2.37115937993131,0.07894736842105263,0.7582200034429334,0.3938226748738337,0.7386222910216718,9.879251700680273,1,1176,190,3,4,G3,10
0.4049122807017544,0.20939824205544283,0.16085106382978723,2.5173117980135524,0.015789473684210527,0.7282879818594105,0.4215993095200875,0.7373492046546386,15.0,0,1176,190,3,4,G1,15
0.23508771929824557,0.24212305611899934,0.16085106382978723,1.4615241808224262,0.0,0.6734126984126985,0.15973804964811306,0.4745089142735134,15.0,0,1176,190,3,4,G4,15
0.3587719298245614,0.1649746192893401,0.16085106382978723,2.2304604102849717,0.042105263157894736,0.7581254724111867,0.40502103583665733,0.7524447528557702,14.625,1,1176,190,3,4,G3,15
0.3926315789473684,0.2039553752535497,0.16085106382978723,2.440963519910888,0.010526315789473684,0.7308673469387755,0.43585465244668953,0.7442964663179246,20.0,0,1176,190,3,4,G1,20
0.2331578947368421,0.23468559837728192,0.16085106382978723,1.4495265942634363,0.015789473684210527,0.6793367346938776,0.16200183529282602,0.49933810184690935,20.0,0,1176,190,3,4,G4,20
0.33377192982456133,0.16292724196277497,0.16085106382978723,2.0750371298616908,0.02631578947368421,0.7552078755383669,0.3952025901418307,0.7492660403544358,19.348639455782312,1,1176,190,3,4,G3,20
0.3714035087719298,0.20006761325219743,0.16085106382978723,2.3089900677619974,0.005263157894736842,0.7306972789115647,0.4386825835629151,0.7449396818618556,30.0,0,1176,190,3,4,G1,30
0.22333333333333336,0.22860040567951317,0.16085106382978723,1.3884479717813054,0.0,0.6828514739229025,0.16155436692340922,0.4658508594000214,30.0,0,1176,190,3,4,G4,30
0.3057034879689342,0.15771540164389425,0.16085106382978723,1.900537557478824,0.010526315789473684,0.7519635089415176,0.3818189125886301,0.7445740365111562,28.14965986394558,1,1176,190,3,4,G3,30
0.3978835978835979,0.21762917933130702,0.16,2.486772486772487,0.164021164021164,0.720578231292517,0.30990871387928975,0.6911784414317341,5.0,0,1176,189,4,0,G1,5
0.2634920634920635,0.2433637284701115,0.16,1.6468253968253967,0.2275132275132275,0.6773809523809524,0.1740823958399329,0.5288646585505754,5.0,0,1176,189,4,0,G4,5
0.38095238095238093,0.16450304259634888,0.16,2.380952380952381,0.21164021164021163,0.7634004779788324,0.3473653005965901,0.7128704909859924,4.9812925170068025,1,1176,189,4,0,G3,5
0.3603174603174603,0.20597771023302938,0.16,2.251984126984127,0.06878306878306878,0.7243197278911565,0.359714481425032,0.694955050578151,10.0,0,1176,189,4,0,G1,10
0.22698412698412698,0.2315096251266464,0.16,1.4186507936507937,0.0582010582010582,0.6814625850340136,0.15846560872947743,0.49370654487169185,10.0,0,1176,189,4,0,G4,10
0.343503821281599,0.16235068740139735,0.16,2.1468988830099938,0.1111111111111111,0.7592624504566603,0.35650407331499157,0.725795124984588,9.869047619047619,1,1176,189,4,0,G3,10
0.3520282186948854,0.19810874704491727,0.16,2.2001763668430336,0.026455026455026454,0.7295918367346939,0.39727782654766064,0.7139453101965766,15.0,0,1176,189,4,0,G1,15
0.2282186948853615,0.22181695373184734,0.16,1.4263668430335095,0.010582010582010581,0.689795918367347,0.17017717718784506,0.5093302884589611,15.0,0,1176,189,4,0,G4,15
0.33521457965902407,0.15859815190443993,0.16,2.0950911228689004,0.05291005291005291,0.761109818520242,0.38635940388077855,0.7488970371442509,14.619047619047619,1,1176,189,4,0,G3,15
0.34576719576719583,0.19488348530901722,0.16,2.161044973544974,0.015873015873015872,0.7312925170068028,0.3974364320833836,0.7253903925636448,20.0,0,1176,189,4,0,G1,20
0.21507936507936504,0.21990881458966566,0.16,1.3442460317460314,0.015873015873015872,0.6892857142857143,0.1703917798312313,0.47906916903877395,20.0,0,1176,189,4,0,G4,20
0.31757789535567316,0.15712756366914582,0.16,1.9848618459729572,0.042328042328042326,0.7597134317862166,0.3866963100674565,0.7478490214052524,19.346938775510203,1,1176,189,4,0,G3,20
0.3298059964726632,0.1933806146572104,0.16,2.061287477954145,0.005291005291005291,0.7299886621315193,0.38802037998823563,0.7292849369850383,30.0,0,1176,189,4,0,G1,30
0.21728395061728392,0.21492738939547448,0.16,1.3580246913580245,0.0,0.6938208616780045,0.1684883616245099,0.49906723918881973,30.0,0,1176,189,4,0,G4,30
0.2967282672596682,0.15444728616084116,0.16,1.8545516703729263,0.037037037037037035,0.7567167783614079,0.38227463751324003,0.7435631462987086,28.168367346938776,1,1176,189,4,0,G3,30
0.416931216931217,0.21458966565349546,0.16,2.605820105820106,0.15343915343915343,0.7261904761904762,0.3176623676788461,0.7073328937563993,5.0,0,1176,189,4,1,G1,5
0.2423280423280423,0.2480243161094225,0.16,1.5145502645502644,0.23809523809523808,0.6700680272108843,0.15911027992612384,0.4892678899771098,5.0,0,1176,189,4,1,G4,5
0.374468085106383,0.1748478701825558,0.16,2.3404255319148937,0.19148936170212766,0.7529812606473595,0.31774026850874193,0.704408635006406,4.991496598639456,2,1176,189,4,1,G3,5
0.38994708994709004,0.20638297872340425,0.16,2.4371693121693125,0.08465608465608465,0.7287414965986394,0.3619867063939994,0.7205952514969739,10.0,0,1176,189,4,1,G1,10
0.23121693121693124,0.23677811550151978,0.16,1.4451058201058202,0.08994708994708994,0.6777210884353742,0.16228456968862198,0.48525809062789804,10.0,0,1176,189,4,1,G4,10
0.3432033096926715,0.16823304034257383,0.16,2.1450206855791967,0.10106382978723404,0.75357573668792,0.3549837267285529,0.7083112204692751,9.869047619047619,2,1176,189,4,1,G3,10
0.382363315696649,0.20310705842620735,0.16,2.389770723104056,0.037037037037037035,0.7302721088435374,0.39093121832467215,0.7372938142948275,15.0,0,1176,189,4,1,G1,15
0.23738977072310402,0.2308679500168862,0.16,1.4836860670194,0.031746031746031744,0.6836734693877551,0.1700943812830005,0.5203438349335006,15.0,0,1176,189,4,1,G4,15
0.3244895766172362,0.16673018214600366,0.16,2.028059853857726,0.05319148936170213,0.751629043518734,0.3665981551190084,0.7183625223138901,14.615646258503402,2,1176,189,4,1,G3,15
0.36798941798941803,0.19797365754812563,0.16,2.2999338624338628,0.015873015873015872,0.7322704081632653,0.39555165466816555,0.7406496089373495,20.0,0,1176,189,4,1,G1,20
0.2222222222222222,0.22588652482269503,0.16,1.3888888888888888,0.010582010582010581,0.6854166666666667,0.1550357840418938,0.4946982733203605,20.0,0,1176,189,4,1,G4,20
0.3040108532129809,0.16424539512774808,0.16,1.9000678325811304,0.03723404255319149,0.7500880281690141,0.3591921785672487,0.7167677157545445,19.31972789115646,2,1176,189,4,1,G3,20
0.3534391534391535,0.19456264775413712,0.16,2.2089947089947093,0.0,0.7327947845804988,0.4196714784705162,0.7464445194941648,30.0,0,1176,189,4,1,G1,30
0.2213403880070547,0.2198581560283688,0.16,1.3833774250440918,0.0,0.6903344671201814,0.15854634453327382,0.5049961671035633,30.0,0,1176,189,4,1,G4,30
0.2750214915108532,0.15861659188231197,0.16,1.7188843219428325,0.02127659574468085,0.7468723685793336,0.3416878819691069,0.7115088746294419,28.275510204081634,2,1176,189,4,1,G3,30
0.4652631578947369,0.2383367139959432,0.16085106382978723,2.892509050403788,0.11578947368421053,0.7137755102040816,0.3430166413311526,0.7162325184157148,5.0,0,1176,190,4,2,G1,5
0.2726315789473684,0.2754563894523327,0.16085106382978723,1.6949317738791423,0.1631578947368421,0.6515306122448979,0.15971416150236278,0.5018469093626561,5.0,0,1176,190,4,2,G4,5
0.42210526315789476,0.17908629441624366,0.16085106382978723,2.624199387357282,0.19473684210526315,0.7574257425742574,0.37783854595223704,0.7219253763211273,4.9812925170068025,1,1176,190,4,2,G3,5
0.43157894736842106,0.2233265720081136,0.16085106382978723,2.6830966304650516,0.04736842105263158,0.7209183673469388,0.38463826462297807,0.73256378776556,10.0,0,1176,190,4,2,G1,10
0.25894736842105265,0.2565922920892495,0.16085106382978723,1.609857978279031,0.042105263157894736,0.6651360544217687,0.16389748084695815,0.5117273406640334,10.0,0,1176,190,4,2,G4,10
0.38368421052631574,0.17258883248730963,0.16085106382978723,2.3853383458646613,0.08947368421052632,0.7567637428916077,0.39150390361879156,0.7405866339276183,9.869047619047619,1,1176,190,4,2,G3,10
0.41929824561403506,0.21514536849222446,0.16085106382978723,2.6067483523623873,0.03684210526315789,0.7257936507936508,0.4268262995007027,0.7422814134728302,15.0,0,1176,190,4,2,G1,15
0.25192982456140345,0.24739688979039892,0.16085106382978723,1.566230390791794,0.031578947368421054,0.6717120181405896,0.1667947650122835,0.5148046332870716,15.0,0,1176,190,4,2,G4,15
0.3526315789473685,0.16744500846023688,0.16085106382978723,2.19228627123364,0.05789473684210526,0.7547872650020372,0.3888772377100821,0.7406987295825771,14.60969387755102,1,1176,190,4,2,G3,15
0.4084210526315789,0.21161257606490874,0.16085106382978723,2.5391255917571707,0.010526315789473684,0.7269982993197279,0.4352848732985969,0.7473470694993062,20.0,0,1176,190,4,2,G1,20
0.24526315789473682,0.24305273833671398,0.16085106382978723,1.5247841826789195,0.0,0.6742772108843538,0.17226803299197482,0.5042169317817871,20.0,0,1176,190,4,2,G4,20
0.3358479532163743,0.16394811054709535,0.16085106382978723,2.0879436244933323,0.05263157894736842,0.7540752489206097,0.39414550053180647,0.7457029998932422,19.301020408163264,1,1176,190,4,2,G3,20
0.38403508771929823,0.2057471264367816,0.16085106382978723,2.3875197252390237,0.0,0.7279761904761904,0.430104391552032,0.7535230062987082,30.0,0,1176,190,4,2,G1,30
0.2405263157894737,0.23340094658553076,0.16085106382978723,1.495335561125035,0.0,0.6816043083900227,0.17415053216128773,0.5260649087221095,30.0,0,1176,190,4,2,G4,30
0.30891812865497076,0.15668922729836438,0.16085106382978723,1.9205227575110617,0.04736842105263158,0.7531875037766632,0.3780849152911447,0.7431648339916728,28.14455782312925,1,1176,190,4,2,G3,30
0.43052631578947376,0.21460446247464504,0.16085106382978723,2.676552492341967,0.13157894736842105,0.7280612244897959,0.3486972829327287,0.7257286217572329,5.0,0,1176,190,4,3,G1,5
0.23473684210526313,0.2523326572008114,0.16085106382978723,1.4593428014480645,0.24736842105263157,0.664795918367347,0.15382670787500133,0.4746130030959752,5.0,0,1176,190,4,3,G4,5
0.3826315789473684,0.17231237322515214,0.16085106382978723,2.378794207741576,0.21578947368421053,0.7562350529552443,0.33000828520752323,0.7102220561545852,4.977891156462585,0,1176,190,4,3,G3,5
0.3989473684210526,0.20537525354969574,0.16085106382978723,2.4802283486494012,0.04736842105263158,0.7306972789115647,0.3840830098077872,0.7392521618447742,10.0,0,1176,190,4,3,G1,10
0.22789473684210526,0.2383367139959432,0.16085106382978723,1.416805903648009,0.02631578947368421,0.6754251700680272,0.1544420872349378,0.4832176790861536,10.0,0,1176,190,4,3,G4,10
0.3628947368421052,0.16810344827586207,0.16085106382978723,2.256091617933723,0.08947368421052632,0.7576830110497238,0.3719928914555277,0.7336126828226753,9.850340136054422,0,1176,190,4,3,G3,10
0.3901754385964913,0.20162271805273835,0.16085106382978723,2.425693864290356,0.010526315789473684,0.7324263038548753,0.4143649893014492,0.7550816696914702,15.0,0,1176,190,4,3,G1,15
0.2301754385964912,0.23245436105476674,0.16085106382978723,1.4309848695813607,0.015789473684210527,0.6807256235827664,0.16106105357399303,0.48571581082523746,15.0,0,1176,190,4,3,G4,15
0.35043859649122805,0.16296484110885734,0.16085106382978723,2.1786526501438783,0.04736842105263158,0.7603464310625436,0.39375410975993685,0.7607878723177112,14.629251700680273,0,1176,190,4,3,G3,15
0.37447368421052635,0.19873225152129817,0.16085106382978723,2.328077137287664,0.010526315789473684,0.7323129251700681,0.42235642505580656,0.7565816163125866,20.0,0,1176,190,4,3,G1,20
0.2281578947368421,0.22692697768762676,0.16085106382978723,1.4184419381787803,0.0,0.6850340136054421,0.16122619574911956,0.505612789580442,20.0,0,1176,190,4,3,G4,20
0.3244736842105263,0.16288032454361057,0.16085106382978723,2.017230576441103,0.03684210526315789,0.7562653347353663,0.36773974666148784,0.7513771751894951,19.408163265306122,0,1176,190,4,3,G3,20
0.3589473684210526,0.1938471940500338,0.16085106382978723,2.231551099972153,0.0,0.7339002267573697,0.4379061600963584,0.763851820219921,30.0,0,1176,190,4,3,G1,30
0.22333333333333336,0.21997971602434077,0.16085106382978723,1.3884479717813054,0.0,0.6900793650793651,0.1787462178383266,0.5037258460553005,30.0,0,1176,190,4,3,G4,30
0.29952326468344775,0.16070714642678663,0.16085106382978723,1.8621155344076779,0.02631578947368421,0.7510968207223991,0.3555945525681463,0.7392334792356144,28.297619047619047,0,1176,190,4,3,G3,30
0.3894736842105263,0.208316430020284,0.16085106382978723,2.421331105541632,0.1631578947368421,0.7267006802721089,0.31382889663340796,0.6922226967011851,5.0,0,1176,190,4,4,G1,5
0.24631578947368424,0.23590263691683572,0.16085106382978723,1.5313283208020052,0.26842105263157895,0.6804421768707483,0.1706865310441646,0.5091971815949611,5.0,0,1176,190,4,4,G4,5
0.37000000000000005,0.16761421319796957,0.16085106382978723,2.3002645502645507,0.21052631578947367,0.7583674863387978,0.3396317126085782,0.7055247144229742,4.979591836734694,1,1176,190,4,4,G3,5
0.3715789473684211,0.20050709939148076,0.16085106382978723,2.310080757449179,0.05789473684210526,0.7303571428571428,0.38114150278492576,0.7193658588662325,10.0,0,1176,190,4,4,G1,10
0.22315789473684214,0.22910750507099392,0.16085106382978723,1.3873572820941245,0.08421052631578947,0.6823979591836735,0.16102964449361756,0.4826331803138678,10.0,0,1176,190,4,4,G4,10
0.34078947368421053,0.1638071065989848,0.16085106382978723,2.118664717348928,0.09473684210526316,0.7563815108658158,0.36329812713652476,0.7256458844880965,9.860544217687075,1,1176,190,4,4,G3,10
0.3547368421052632,0.19830966869506425,0.16085106382978723,2.2053745474798108,0.02631578947368421,0.7294784580498866,0.3764305622830304,0.7228568378349525,15.0,0,1176,190,4,4,G1,15
0.2350877192982456,0.2213657876943881,0.16085106382978723,1.4615241808224264,0.03684210526315789,0.6908163265306122,0.1823205203973511,0.5350138785096616,15.0,0,1176,190,4,4,G4,15
0.32535087719298245,0.15903553299492387,0.16085106382978723,2.0226840248770075,0.05789473684210526,0.7578420531921085,0.37029595225568684,0.7427591544784883,14.611394557823129,1,1176,190,4,4,G3,15
0.3471052631578947,0.1939655172413793,0.16085106382978723,2.157929546087441,0.005263157894736842,0.7318877551020408,0.3969546751757126,0.7340397138891854,20.0,0,1176,190,4,4,G1,20
0.2107894736842105,0.22023326572008112,0.16085106382978723,1.3104636591478696,0.010526315789473684,0.6878401360544217,0.1549111985203718,0.4671212768228889,20.0,0,1176,190,4,4,G4,20
0.3073684210526316,0.15761421319796953,0.16085106382978723,1.910888331940964,0.010526315789473684,0.7553294573643411,0.37433683800429446,0.7461940856197289,19.306122448979593,1,1176,190,4,4,G3,20
0.3329824561403509,0.19066937119675456,0.16085106382978723,2.0701290262693774,0.0,0.7323696145124716,0.42227294754905276,0.7440669371196755,30.0,0,1176,190,4,4,G1,30
0.2082456140350877,0.21470588235294116,0.16085106382978723,1.2946486586837465,0.0,0.692063492063492,0.154150181135175,0.4793877442083911,30.0,0,1176,190,4,4,G4,30
0.28010376390751995,0.15483616059990307,0.16085106382978723,1.7413858338165924,0.005263157894736842,0.7501051745898191,0.3585522515011772,0.7371303512330523,28.297619047619047,1,1176,190,4,4,G3,30
