graph,k,n_folds,P1_mean,P1_lo,P1_hi,P0_mean,P0_lo,P0_hi,background_mean,background_lo,background_hi,lift_mean,lift_lo,lift_hi,frac_pos_no_pos_nbr_mean,frac_pos_no_pos_nbr_lo,frac_pos_no_pos_nbr_hi,edge_homophily_mean,edge_homophily_lo,edge_homophily_hi,knn_pr_auc_mean,knn_pr_auc_lo,knn_pr_auc_hi,knn_roc_auc_mean,knn_roc_auc_lo,knn_roc_auc_hi,mean_degree_mean,mean_degree_lo,mean_degree_hi
G1,5,25,0.4182,0.4088,0.4277,0.2182,0.2138,0.2226,0.1605,0.1603,0.1607,2.6055,2.547,2.664,0.1473,0.1392,0.1554,0.7232,0.7203,0.726,0.3268,0.3211,0.3326,0.7046,0.6995,0.7097,5.0,5.0,5.0
G1,10,25,0.3894,0.3806,0.3982,0.2079,0.2045,0.2113,0.1605,0.1603,0.1607,2.426,2.3716,2.4804,0.0627,0.0566,0.0687,0.7272,0.725,0.7293,0.3718,0.3649,0.3786,0.721,0.716,0.726,10.0,10.0,10.0
G1,15,25,0.3784,0.3701,0.3866,0.2035,0.2005,0.2064,0.1605,0.1603,0.1607,2.3572,2.3061,2.4083,0.0293,0.0234,0.0353,0.7291,0.7271,0.7311,0.3985,0.39,0.4069,0.7325,0.7269,0.7381,15.0,15.0,15.0
G1,20,25,0.3681,0.3608,0.3753,0.1993,0.1966,0.2021,0.1605,0.1603,0.1607,2.2932,2.2482,2.3381,0.0133,0.01,0.0166,0.7309,0.729,0.7329,0.4096,0.4013,0.4179,0.7412,0.7365,0.7458,20.0,20.0,20.0
G1,30,25,0.3512,0.3447,0.3577,0.1953,0.193,0.1976,0.1605,0.1603,0.1607,2.188,2.1476,2.2284,0.0044,0.0026,0.0063,0.7316,0.7299,0.7332,0.417,0.4104,0.4236,0.7475,0.7434,0.7515,30.0,30.0,30.0
G3,5,25,0.3836,0.3758,0.3914,0.1711,0.1693,0.173,0.1605,0.1603,0.1607,2.3898,2.3412,2.4384,0.2104,0.203,0.2178,0.7577,0.7562,0.7593,0.3428,0.3348,0.3508,0.708,0.7028,0.7132,4.9828,4.9811,4.9845
G3,10,25,0.3528,0.3462,0.3593,0.1662,0.1646,0.1679,0.1605,0.1603,0.1607,2.1978,2.157,2.2385,0.1005,0.0946,0.1063,0.757,0.7557,0.7584,0.3653,0.3583,0.3722,0.7261,0.721,0.7311,9.8627,9.8576,9.8677
G3,15,25,0.3332,0.3274,0.3391,0.1625,0.1611,0.164,0.1605,0.1603,0.1607,2.0761,2.04,2.1123,0.0587,0.0542,0.0631,0.7568,0.7554,0.7581,0.375,0.3678,0.3821,0.7378,0.7322,0.7433,14.6195,14.6136,14.6253
G3,20,25,0.3162,0.3108,0.3215,0.1607,0.1595,0.1619,0.1605,0.1603,0.1607,1.9698,1.9363,2.0033,0.0382,0.0335,0.0429,0.7551,0.754,0.7563,0.374,0.3664,0.3815,0.7399,0.7349,0.745,19.3337,19.3195,19.3478
G3,30,25,0.2913,0.2864,0.2962,0.1574,0.1565,0.1583,0.1605,0.1603,0.1607,1.8148,1.7845,1.8451,0.026,0.0216,0.0304,0.7512,0.7504,0.7521,0.3598,0.3522,0.3674,0.7333,0.7283,0.7382,28.236,28.2084,28.2636
G4,5,25,0.2475,0.2419,0.253,0.251,0.2458,0.2563,0.1605,0.1603,0.1607,1.5417,1.5073,1.5761,0.2382,0.2267,0.2497,0.6681,0.664,0.6722,0.1614,0.1584,0.1645,0.4958,0.4879,0.5037,5.0,5.0,5.0
G4,10,25,0.2354,0.2292,0.2416,0.2375,0.2338,0.2413,0.1605,0.1603,0.1607,1.4664,1.4285,1.5043,0.0665,0.0582,0.0748,0.6775,0.6751,0.6799,0.1619,0.1587,0.165,0.497,0.4886,0.5054,10.0,10.0,10.0
G4,15,25,0.2328,0.2291,0.2365,0.2314,0.2278,0.235,0.1605,0.1603,0.1607,1.4504,1.4273,1.4734,0.0192,0.0141,0.0243,0.6822,0.6795,0.6848,0.1653,0.1624,0.1682,0.5032,0.4957,0.5107,15.0,15.0,15.0
G4,20,25,0.2247,0.2209,0.2286,0.2269,0.2237,0.23,0.1605,0.1603,0.1607,1.4001,1.3761,1.4241,0.0065,0.0045,0.0086,0.6847,0.6824,0.687,0.1624,0.1594,0.1654,0.4946,0.4847,0.5044,20.0,20.0,20.0
G4,30,25,0.22,0.217,0.223,0.2205,0.2178,0.2232,0.1605,0.1603,0.1607,1.3707,1.3523,1.3891,0.0006,-0.0001,0.0014,0.6893,0.6873,0.6912,0.1636,0.1602,0.1669,0.4968,0.4893,0.5043,30.0,30.0,30.0
